__v,_id,createdAt,eventType,profileId
"""6908ce550e7131af35a25881""","""6908ce540e7131af35a2587b""",profile_view,2025-11-03T15:46:29.367Z,0
"""6908ce550e7131af35a25885""","""6908ce540e7131af35a2587b""",profile_view,2025-11-03T15:46:29.533Z,0
"""6908ce6c0e7131af35a258a1""","""6908ce540e7131af35a2587b""",profile_view,2025-11-03T15:46:52.496Z,0
"""6908ce6c0e7131af35a258a3""","""6908ce540e7131af35a2587b""",profile_view,2025-11-03T15:46:52.667Z,0
"""6908cf410e7131af35a258c8""","""6908ce540e7131af35a2587b""",profile_view,2025-11-03T15:50:25.538Z,0
"""6908cf410e7131af35a258cb""","""6908ce540e7131af35a2587b""",profile_view,2025-11-03T15:50:25.766Z,0
"""6908d5a4488d6361cb83785c""","""6908ce540e7131af35a2587b""",profile_view,2025-11-03T16:17:40.023Z,0
"""6908d5a4488d6361cb837861""","""6908ce540e7131af35a2587b""",profile_view,2025-11-03T16:17:40.193Z,0
"""6918c56afec605264e11dec0""","""6908ce540e7131af35a2587b""",profile_view,2025-11-15T18:24:42.822Z,0
"""6918c8b62e72901c68a01b5a""","""6908ce540e7131af35a2587b""",profile_view,2025-11-15T18:38:46.022Z,0
"""6918cbb52e72901c68a01b77""","""6908ce540e7131af35a2587b""",profile_view,2025-11-15T18:51:33.307Z,0
"""6918cd132e72901c68a01b88""","""6918cd112e72901c68a01b83""",profile_view,2025-11-15T18:57:23.233Z,0
"""6918cf4388db45809edd5bd9""","""6908ce540e7131af35a2587b""",profile_view,2025-11-15T19:06:43.773Z,0
"""6918cf9588db45809edd5be0""","""6908ce540e7131af35a2587b""",profile_view,2025-11-15T19:08:05.432Z,0
"""6918d20488db45809edd5bf5""","""6918d20288db45809edd5bf0""",profile_view,2025-11-15T19:18:28.277Z,0
"""6918d43c88db45809edd5c00""","""6908ce540e7131af35a2587b""",profile_view,2025-11-15T19:27:56.300Z,0
"""6918df0988db45809edd5c37""","""6918df0788db45809edd5c32""",profile_view,2025-11-15T20:14:01.479Z,0
"""6918df1988db45809edd5c3f""","""6918df0788db45809edd5c32""",profile_view,2025-11-15T20:14:17.079Z,0
"""6918ef3488db45809edd5c64""","""6908ce540e7131af35a2587b""",profile_view,2025-11-15T21:23:00.157Z,0
"""6918ef5b88db45809edd5c77""","""6918ef5a88db45809edd5c72""",profile_view,2025-11-15T21:23:39.823Z,0
"""691917cb88db45809edd5c96""","""6908ce540e7131af35a2587b""",profile_view,2025-11-16T00:16:11.349Z,0
"""6919283988db45809edd5c9f""","""6908ce540e7131af35a2587b""",profile_view,2025-11-16T01:26:17.451Z,0
"""6919c71f88db45809edd5cb9""","""6918ef5a88db45809edd5c72""",profile_view,2025-11-16T12:44:15.727Z,0
"""6919c74988db45809edd5ccc""","""6918d20288db45809edd5bf0""",profile_view,2025-11-16T12:44:57.874Z,0
"""6919d42e88db45809edd5cd6""","""6908ce540e7131af35a2587b""",profile_view,2025-11-16T13:39:58.307Z,0
"""691a00ec88db45809edd5d60""","""6918d20288db45809edd5bf0""",profile_view,2025-11-16T16:50:53.018Z,0
"""691a0ceb88db45809edd5d6b""","""6908ce540e7131af35a2587b""",profile_view,2025-11-16T17:42:03.956Z,0
"""691a515370ccffb61ff51bd3""","""6918d20288db45809edd5bf0""",profile_view,2025-11-16T22:33:55.284Z,0
"""691a51f570ccffb61ff51be1""","""6908ce540e7131af35a2587b""",profile_view,2025-11-16T22:36:37.129Z,0
"""691a557770ccffb61ff51be8""","""6918cd112e72901c68a01b83""",profile_view,2025-11-16T22:51:35.671Z,0
"""691a55a570ccffb61ff51bf4""","""6908ce540e7131af35a2587b""",profile_view,2025-11-16T22:52:21.159Z,0
"""691a55de70ccffb61ff51bfb""","""6908ce540e7131af35a2587b""",profile_view,2025-11-16T22:53:18.671Z,0
"""691a59df70ccffb61ff51c1a""","""691a58d54209829e3092dc52""",profile_view,2025-11-16T23:10:23.951Z,0
"""691a5a1370ccffb61ff51c21""","""691a58d54209829e3092dc52""",profile_view,2025-11-16T23:11:15.980Z,0
"""691a5afa70ccffb61ff51c28""","""691a58d54209829e3092dc52""",profile_view,2025-11-16T23:15:06.176Z,0
"""691a5b0270ccffb61ff51c30""","""691a58d54209829e3092dc52""",profile_view,2025-11-16T23:15:14.225Z,0
"""691a5b1070ccffb61ff51c39""","""691a58d54209829e3092dc52""",profile_view,2025-11-16T23:15:28.188Z,0
"""691a5bcf70ccffb61ff51c3f""","""6918d20288db45809edd5bf0""",profile_view,2025-11-16T23:18:39.181Z,0
"""691a5bd170ccffb61ff51c47""","""6918d20288db45809edd5bf0""",profile_view,2025-11-16T23:18:41.638Z,0
"""691a5bd470ccffb61ff51c4e""","""6918cd112e72901c68a01b83""",profile_view,2025-11-16T23:18:44.157Z,0
"""691a5c0570ccffb61ff51c56""","""691a58d54209829e3092dc52""",profile_view,2025-11-16T23:19:33.731Z,0
"""691a5c1970ccffb61ff51c5d""","""6918cd112e72901c68a01b83""",profile_view,2025-11-16T23:19:53.501Z,0
"""691a5c2870ccffb61ff51c67""","""6918cd112e72901c68a01b83""",profile_view,2025-11-16T23:20:08.524Z,0
"""691a5c7e70ccffb61ff51c6e""","""691a58d54209829e3092dc52""",profile_view,2025-11-16T23:21:34.504Z,0
"""691a5c8970ccffb61ff51c75""","""6918d20288db45809edd5bf0""",profile_view,2025-11-16T23:21:45.297Z,0
"""691a5c9c70ccffb61ff51c7c""","""6918cd112e72901c68a01b83""",profile_view,2025-11-16T23:22:04.320Z,0
"""691a5d7c70ccffb61ff51c92""","""691a58d54209829e3092dc52""",profile_view,2025-11-16T23:25:48.492Z,0
"""691a5ddc70ccffb61ff51c9d""","""6918cd112e72901c68a01b83""",profile_view,2025-11-16T23:27:24.794Z,0
"""691a5de870ccffb61ff51ca4""","""691a58d54209829e3092dc52""",profile_view,2025-11-16T23:27:36.511Z,0
"""691a7f4470ccffb61ff51cbf""","""691a58d54209829e3092dc52""",profile_view,2025-11-17T01:49:56.164Z,0
"""691a7f4970ccffb61ff51cc7""","""6918d20288db45809edd5bf0""",profile_view,2025-11-17T01:50:01.095Z,0
"""691a7f5070ccffb61ff51ccf""","""691a58d54209829e3092dc52""",profile_view,2025-11-17T01:50:08.225Z,0
"""691a809f70ccffb61ff51ce1""","""691a58d54209829e3092dc52""",profile_view,2025-11-17T01:55:43.133Z,0
"""691b3f9b180847672a55196b""","""691a58d54209829e3092dc52""",profile_view,2025-11-17T15:30:35.978Z,0
"""691b4ca79248d67787a572df""","""691a58d54209829e3092dc52""",profile_view,2025-11-17T16:26:15.150Z,0
"""691b4cad9248d67787a572e7""","""691a58d54209829e3092dc52""",profile_view,2025-11-17T16:26:21.369Z,0
"""691b4eae179f661db414394b""","""6918d20288db45809edd5bf0""",profile_view,2025-11-17T16:34:54.474Z,0
"""691b7b15179f661db414398b""","""691a58d54209829e3092dc52""",profile_view,2025-11-17T19:44:21.457Z,0
"""691baed6b0c78524e0505167""","""691a58d54209829e3092dc52""",profile_view,2025-11-17T23:25:10.118Z,0
"""691dfe556a3b2f97960beec6""","""6918d20288db45809edd5bf0""",profile_view,2025-11-19T17:28:53.497Z,0
"""691dfe666a3b2f97960beee4""","""6918cd112e72901c68a01b83""",profile_view,2025-11-19T17:29:10.697Z,0
"""691dfe6c6a3b2f97960beef2""","""6918d20288db45809edd5bf0""",profile_view,2025-11-19T17:29:16.909Z,0
"""691dfe716a3b2f97960beefb""","""691a58d54209829e3092dc52""",profile_view,2025-11-19T17:29:21.853Z,0
"""691e035d0c01f674350b3f26""","""691e035a0c01f674350b3f1b""",profile_view,2025-11-19T17:50:21.318Z,0
"""691e03ce0c01f674350b3f3e""","""691e035a0c01f674350b3f1b""",profile_view,2025-11-19T17:52:14.514Z,0
"""691e04b40c01f674350b3f52""","""691e035a0c01f674350b3f1b""",profile_view,2025-11-19T17:56:04.743Z,0
"""691e04be0c01f674350b3f69""","""691e035a0c01f674350b3f1b""",profile_view,2025-11-19T17:56:14.497Z,0
"""691e068e0c01f674350b3f8b""","""691e035a0c01f674350b3f1b""",profile_view,2025-11-19T18:03:58.346Z,0
"""691e0af80c01f674350b3fa2""","""691e035a0c01f674350b3f1b""",profile_view,2025-11-19T18:22:48.036Z,0
"""691e240b0c01f674350b3fbb""","""691a58d54209829e3092dc52""",profile_view,2025-11-19T20:09:47.338Z,0
"""691e24350c01f674350b3fc6""","""691a58d54209829e3092dc52""",profile_view,2025-11-19T20:10:29.841Z,0
"""691e3d6f0c01f674350b3fd3""","""691a58d54209829e3092dc52""",profile_view,2025-11-19T21:58:07.615Z,0
"""691e3e1c0c01f674350b3ff1""","""691e035a0c01f674350b3f1b""",profile_view,2025-11-19T22:01:00.120Z,0
"""691e668f0c01f674350b401e""","""6918cd112e72901c68a01b83""",profile_view,2025-11-20T00:53:35.376Z,0
"""691e6a700c01f674350b402e""","""691a58d54209829e3092dc52""",profile_view,2025-11-20T01:10:08.362Z,0
"""691e6a760c01f674350b4037""","""691a58d54209829e3092dc52""",profile_view,2025-11-20T01:10:14.429Z,0
"""691e6a8a0c01f674350b403e""","""691a58d54209829e3092dc52""",profile_view,2025-11-20T01:10:34.495Z,0
"""691e6a910c01f674350b404e""","""691a58d54209829e3092dc52""",profile_view,2025-11-20T01:10:41.759Z,0
"""691e6aa20c01f674350b405c""","""6918cd112e72901c68a01b83""",profile_view,2025-11-20T01:10:58.610Z,0
"""691e6af90c01f674350b4067""","""6918cd112e72901c68a01b83""",profile_view,2025-11-20T01:12:25.729Z,0
"""691e6b120c01f674350b4073""","""6918cd112e72901c68a01b83""",profile_view,2025-11-20T01:12:50.065Z,0
"""691e6b230c01f674350b407f""","""691a58d54209829e3092dc52""",profile_view,2025-11-20T01:13:07.338Z,0
"""691e6b240c01f674350b4085""","""6918d20288db45809edd5bf0""",profile_view,2025-11-20T01:13:08.293Z,0
"""691e6b430c01f674350b4098""","""691e035a0c01f674350b3f1b""",profile_view,2025-11-20T01:13:39.032Z,0
"""691e6b490c01f674350b409d""","""6918d20288db45809edd5bf0""",profile_view,2025-11-20T01:13:45.660Z,0
"""691f46760c01f674350b40a5""","""691a58d54209829e3092dc52""",profile_view,2025-11-20T16:48:54.885Z,0
"""691f4a890c01f674350b40bc""","""691e035a0c01f674350b3f1b""",profile_view,2025-11-20T17:06:17.072Z,0
"""691f4b100c01f674350b40d8""","""691e035a0c01f674350b3f1b""",profile_view,2025-11-20T17:08:32.157Z,0
"""691f4ce00c01f674350b40ef""","""691a58d54209829e3092dc52""",profile_view,2025-11-20T17:16:16.566Z,0
"""691f51f2698ae4713c924315""","""691a58d54209829e3092dc52""",profile_view,2025-11-20T17:37:54.984Z,0
"""691f5204698ae4713c924320""","""691a58d54209829e3092dc52""",profile_view,2025-11-20T17:38:12.045Z,0
"""6920096132bf93713685023d""","""6918d20288db45809edd5bf0""",profile_view,2025-11-21T06:40:33.697Z,0
"""6920096b32bf937136850249""","""691a58d54209829e3092dc52""",profile_view,2025-11-21T06:40:43.074Z,0
"""692091dd32bf937136850274""","""691a58d54209829e3092dc52""",profile_view,2025-11-21T16:22:53.044Z,0
"""6920934932bf937136850284""","""691a58d54209829e3092dc52""",profile_view,2025-11-21T16:28:57.287Z,0
"""693dbc9c66a9ad03f5dde433""","""6918cd112e72901c68a01b83""",profile_view,2025-12-13T19:21:00.561Z,0
"""693dbd1d66a9ad03f5dde456""","""6922facff280a9da8de57cc8""",profile_view,2025-12-13T19:23:09.768Z,0
"""693dbd2566a9ad03f5dde464""","""6918cd112e72901c68a01b83""",profile_view,2025-12-13T19:23:17.038Z,0
"""693dbd5f66a9ad03f5dde47f""","""6922facff280a9da8de57cc8""",profile_view,2025-12-13T19:24:15.519Z,0
"""693dbdb466a9ad03f5dde48b""","""6922facff280a9da8de57cc8""",profile_view,2025-12-13T19:25:40.013Z,0
"""693dbdcc66a9ad03f5dde497""","""6922facff280a9da8de57cc8""",profile_view,2025-12-13T19:26:04.736Z,0
"""693dbf0666a9ad03f5dde4b7""","""6922facff280a9da8de57cc8""",profile_view,2025-12-13T19:31:18.144Z,0
"""693dc62666a9ad03f5dde4c5""","""6922facff280a9da8de57cc8""",profile_view,2025-12-13T20:01:42.252Z,0
"""693dc62d66a9ad03f5dde4d3""","""6922facff280a9da8de57cc8""",profile_view,2025-12-13T20:01:49.502Z,0
"""693dc63966a9ad03f5dde4ec""","""6922facff280a9da8de57cc8""",profile_view,2025-12-13T20:02:01.209Z,0
"""693dc83b66a9ad03f5dde4fc""","""691a58d54209829e3092dc52""",profile_view,2025-12-13T20:10:35.407Z,0
"""693dc84166a9ad03f5dde50a""","""6922facff280a9da8de57cc8""",profile_view,2025-12-13T20:10:41.495Z,0
"""693dca0166a9ad03f5dde538""","""6918cd112e72901c68a01b83""",profile_view,2025-12-13T20:18:09.437Z,0
"""6967da5cd8281016c842478e""","""6922facff280a9da8de57cc8""",profile_view,2026-01-14T18:03:08.742Z,0
"""6967da5dd8281016c8424792""","""6922facff280a9da8de57cc8""",profile_view,2026-01-14T18:03:09.054Z,0
"""6967da7ed8281016c84247bb""","""6922facff280a9da8de57cc8""",profile_view,2026-01-14T18:03:42.978Z,0
"""6967da7fd8281016c84247c1""","""6922facff280a9da8de57cc8""",profile_view,2026-01-14T18:03:43.352Z,0
"""6967db55d8281016c8424801""","""6922facff280a9da8de57cc8""",profile_view,2026-01-14T18:07:17.727Z,0
"""6967db56d8281016c8424807""","""6922facff280a9da8de57cc8""",profile_view,2026-01-14T18:07:18.283Z,0
"""6967db78d8281016c842484e""","""693de07d61cd05485e4f1d86""",profile_view,2026-01-14T18:07:52.273Z,0
"""6967db78d8281016c8424856""","""693de07d61cd05485e4f1d86""",profile_view,2026-01-14T18:07:52.665Z,0
"""6967dba9d8281016c8424886""","""6963faf1a4759f683df85e07""",profile_view,2026-01-14T18:08:41.461Z,0
"""6967dba9d8281016c842488d""","""6963faf1a4759f683df85e07""",profile_view,2026-01-14T18:08:41.990Z,0
"""6967dbafd8281016c84248bc""","""6918cd112e72901c68a01b83""",profile_view,2026-01-14T18:08:47.854Z,0
"""6967dbb0d8281016c84248c2""","""6918cd112e72901c68a01b83""",profile_view,2026-01-14T18:08:48.441Z,0
"""6967dbbdd8281016c84248f1""","""6922facff280a9da8de57cc8""",profile_view,2026-01-14T18:09:01.622Z,0
"""6967dbbdd8281016c84248f7""","""6922facff280a9da8de57cc8""",profile_view,2026-01-14T18:09:01.993Z,0
"""6967dbf4d8281016c842491d""","""6922facff280a9da8de57cc8""",profile_view,2026-01-14T18:09:56.135Z,0
"""6967dbf4d8281016c8424923""","""6922facff280a9da8de57cc8""",profile_view,2026-01-14T18:09:56.746Z,0
"""6967e5692fd139b6b900f50c""","""6922facff280a9da8de57cc8""",profile_view,2026-01-14T18:50:17.101Z,0
"""6967e5692fd139b6b900f512""","""6922facff280a9da8de57cc8""",profile_view,2026-01-14T18:50:17.883Z,0
"""6967e7c52fd139b6b900f622""","""693de07d61cd05485e4f1d86""",profile_view,2026-01-14T19:00:21.179Z,0
"""6967e7c52fd139b6b900f62a""","""693de07d61cd05485e4f1d86""",profile_view,2026-01-14T19:00:21.722Z,0
"""6967e7c82fd139b6b900f65b""","""693de07d61cd05485e4f1d86""",profile_view,2026-01-14T19:00:24.942Z,0
"""6967e7c92fd139b6b900f663""","""693de07d61cd05485e4f1d86""",profile_view,2026-01-14T19:00:25.325Z,0
"""6967e7cb2fd139b6b900f694""","""693de07d61cd05485e4f1d86""",profile_view,2026-01-14T19:00:27.387Z,0
"""6967e7cb2fd139b6b900f69c""","""693de07d61cd05485e4f1d86""",profile_view,2026-01-14T19:00:27.764Z,0
"""6967e7e52fd139b6b900f6cd""","""693de07d61cd05485e4f1d86""",profile_view,2026-01-14T19:00:53.730Z,0
"""6967e7e62fd139b6b900f6d5""","""693de07d61cd05485e4f1d86""",profile_view,2026-01-14T19:00:54.102Z,0
"""6967e7e72fd139b6b900f706""","""693de07d61cd05485e4f1d86""",profile_view,2026-01-14T19:00:55.969Z,0
"""6967e7e82fd139b6b900f70e""","""693de07d61cd05485e4f1d86""",profile_view,2026-01-14T19:00:56.366Z,0
"""6967e7ea2fd139b6b900f73f""","""693de07d61cd05485e4f1d86""",profile_view,2026-01-14T19:00:58.243Z,0
"""6967e7ea2fd139b6b900f747""","""693de07d61cd05485e4f1d86""",profile_view,2026-01-14T19:00:58.637Z,0
"""6967e7ec2fd139b6b900f778""","""693de07d61cd05485e4f1d86""",profile_view,2026-01-14T19:01:00.940Z,0
"""6967e7ed2fd139b6b900f780""","""693de07d61cd05485e4f1d86""",profile_view,2026-01-14T19:01:01.323Z,0
"""6967e80d2fd139b6b900f7b6""","""693de07d61cd05485e4f1d86""",profile_view,2026-01-14T19:01:33.116Z,0
"""6967e80d2fd139b6b900f7be""","""693de07d61cd05485e4f1d86""",profile_view,2026-01-14T19:01:33.663Z,0
"""6967e80f2fd139b6b900f7ef""","""693de07d61cd05485e4f1d86""",profile_view,2026-01-14T19:01:35.557Z,0
"""6967e80f2fd139b6b900f7f7""","""693de07d61cd05485e4f1d86""",profile_view,2026-01-14T19:01:35.951Z,0
"""6967e8112fd139b6b900f828""","""693de07d61cd05485e4f1d86""",profile_view,2026-01-14T19:01:37.655Z,0
"""6967e8122fd139b6b900f830""","""693de07d61cd05485e4f1d86""",profile_view,2026-01-14T19:01:38.026Z,0
"""6967e8692fd139b6b900f880""","""6918cd112e72901c68a01b83""",profile_view,2026-01-14T19:03:05.819Z,0
"""6967e86a2fd139b6b900f885""","""6918cd112e72901c68a01b83""",profile_view,2026-01-14T19:03:06.671Z,0
"""6967e8712fd139b6b900f8b7""","""6918cd112e72901c68a01b83""",profile_view,2026-01-14T19:03:13.969Z,0
"""6967e8722fd139b6b900f8ba""","""6918cd112e72901c68a01b83""",profile_view,2026-01-14T19:03:14.824Z,0
"""6967e8782fd139b6b900f8ea""","""6918cd112e72901c68a01b83""",profile_view,2026-01-14T19:03:20.695Z,0
"""6967e8792fd139b6b900f8ef""","""6918cd112e72901c68a01b83""",profile_view,2026-01-14T19:03:21.456Z,0
"""6967e8902fd139b6b900f91f""","""6918cd112e72901c68a01b83""",profile_view,2026-01-14T19:03:44.818Z,0
"""6967e8912fd139b6b900f924""","""6918cd112e72901c68a01b83""",profile_view,2026-01-14T19:03:45.681Z,0
"""6967e89b2fd139b6b900f955""","""6922facff280a9da8de57cc8""",profile_view,2026-01-14T19:03:55.110Z,0
"""6967e89b2fd139b6b900f959""","""6922facff280a9da8de57cc8""",profile_view,2026-01-14T19:03:55.960Z,0
"""6967e8a42fd139b6b900f98b""","""6918cd112e72901c68a01b83""",profile_view,2026-01-14T19:04:04.745Z,0
"""6967e8a52fd139b6b900f98e""","""6918cd112e72901c68a01b83""",profile_view,2026-01-14T19:04:05.612Z,0
"""6967e8cd2fd139b6b900f9c4""","""693de07d61cd05485e4f1d86""",profile_view,2026-01-14T19:04:45.426Z,0
"""6967e8cd2fd139b6b900f9cc""","""693de07d61cd05485e4f1d86""",profile_view,2026-01-14T19:04:45.970Z,0
"""6967e8ea2fd139b6b900f9d7""","""693de07d61cd05485e4f1d86""",profile_view,2026-01-14T19:05:14.458Z,0
"""6967e9002fd139b6b900f9e2""","""693de07d61cd05485e4f1d86""",profile_view,2026-01-14T19:05:36.809Z,0
"""6967e90a2fd139b6b900f9ed""","""693de07d61cd05485e4f1d86""",profile_view,2026-01-14T19:05:46.630Z,0
"""6967e90f2fd139b6b900f9f8""","""693de07d61cd05485e4f1d86""",profile_view,2026-01-14T19:05:51.873Z,0
"""6967e9152fd139b6b900fa03""","""693de07d61cd05485e4f1d86""",profile_view,2026-01-14T19:05:57.280Z,0
"""6967e9242fd139b6b900fa0e""","""693de07d61cd05485e4f1d86""",profile_view,2026-01-14T19:06:12.789Z,0
"""6967e9292fd139b6b900fa19""","""693de07d61cd05485e4f1d86""",profile_view,2026-01-14T19:06:17.634Z,0
"""6967e9342fd139b6b900fa24""","""693de07d61cd05485e4f1d86""",profile_view,2026-01-14T19:06:28.805Z,0
"""6967e9382fd139b6b900fa2f""","""693de07d61cd05485e4f1d86""",profile_view,2026-01-14T19:06:32.910Z,0
"""6967e9412fd139b6b900fa3a""","""693de07d61cd05485e4f1d86""",profile_view,2026-01-14T19:06:41.427Z,0
"""6967e9432fd139b6b900fa45""","""693de07d61cd05485e4f1d86""",profile_view,2026-01-14T19:06:43.526Z,0
"""6967e9482fd139b6b900fa50""","""693de07d61cd05485e4f1d86""",profile_view,2026-01-14T19:06:48.240Z,0
"""6967e94c2fd139b6b900fa5b""","""693de07d61cd05485e4f1d86""",profile_view,2026-01-14T19:06:52.537Z,0
"""6967e9582fd139b6b900fa66""","""693de07d61cd05485e4f1d86""",profile_view,2026-01-14T19:07:04.555Z,0
"""6967e9db2fd139b6b900fa71""","""693de07d61cd05485e4f1d86""",profile_view,2026-01-14T19:09:15.335Z,0
"""6967e9e72fd139b6b900fa7c""","""693de07d61cd05485e4f1d86""",profile_view,2026-01-14T19:09:27.643Z,0
"""6967e9ee2fd139b6b900faab""","""6922facff280a9da8de57cc8""",profile_view,2026-01-14T19:09:34.389Z,0
"""6967e9ee2fd139b6b900fab1""","""6922facff280a9da8de57cc8""",profile_view,2026-01-14T19:09:34.762Z,0
"""6967ea3a2fd139b6b900faba""","""6922facff280a9da8de57cc8""",profile_view,2026-01-14T19:10:50.236Z,0
"""6967ea3e2fd139b6b900fac5""","""6922facff280a9da8de57cc8""",profile_view,2026-01-14T19:10:54.561Z,0
"""6967ea3e2fd139b6b900faca""","""6922facff280a9da8de57cc8""",profile_view,2026-01-14T19:10:54.835Z,0
"""6967ea4e2fd139b6b900fad3""","""6922facff280a9da8de57cc8""",profile_view,2026-01-14T19:11:10.338Z,0
"""6967ea512fd139b6b900fadc""","""6922facff280a9da8de57cc8""",profile_view,2026-01-14T19:11:13.704Z,0
"""6967ea582fd139b6b900fb0b""","""6918cd112e72901c68a01b83""",profile_view,2026-01-14T19:11:20.946Z,0
"""6967ea592fd139b6b900fb11""","""6918cd112e72901c68a01b83""",profile_view,2026-01-14T19:11:21.323Z,0
"""6967ea5d2fd139b6b900fb42""","""693de07d61cd05485e4f1d86""",profile_view,2026-01-14T19:11:25.256Z,0
"""6967ea5d2fd139b6b900fb4a""","""693de07d61cd05485e4f1d86""",profile_view,2026-01-14T19:11:25.634Z,0
"""6967eaa92fd139b6b900fba5""","""6922facff280a9da8de57cc8""",profile_view,2026-01-14T19:12:41.557Z,0
"""6967eaaa2fd139b6b900fbab""","""6922facff280a9da8de57cc8""",profile_view,2026-01-14T19:12:42.060Z,0
"""6967eaae2fd139b6b900fbdc""","""693de07d61cd05485e4f1d86""",profile_view,2026-01-14T19:12:46.179Z,0
"""6967eaae2fd139b6b900fbe4""","""693de07d61cd05485e4f1d86""",profile_view,2026-01-14T19:12:46.572Z,0
"""6967eab12fd139b6b900fbf0""","""693de07d61cd05485e4f1d86""",profile_view,2026-01-14T19:12:49.736Z,0
"""6967eab22fd139b6b900fbf8""","""693de07d61cd05485e4f1d86""",profile_view,2026-01-14T19:12:50.627Z,0
"""6967eab72fd139b6b900fc29""","""693de07d61cd05485e4f1d86""",profile_view,2026-01-14T19:12:55.361Z,0
"""6967eab72fd139b6b900fc31""","""693de07d61cd05485e4f1d86""",profile_view,2026-01-14T19:12:55.733Z,0
"""6967eb382fd139b6b900fc71""","""693de07d61cd05485e4f1d86""",profile_view,2026-01-14T19:15:04.170Z,0
"""6967eb382fd139b6b900fc79""","""693de07d61cd05485e4f1d86""",profile_view,2026-01-14T19:15:04.595Z,0
"""6967eb3c2fd139b6b900fc85""","""693de07d61cd05485e4f1d86""",profile_view,2026-01-14T19:15:08.037Z,0
"""6967eb3c2fd139b6b900fc8d""","""693de07d61cd05485e4f1d86""",profile_view,2026-01-14T19:15:08.660Z,0
"""6967eb902fd139b6b900fc98""","""693de07d61cd05485e4f1d86""",profile_view,2026-01-14T19:16:32.677Z,0
"""6967ebab2fd139b6b900fca3""","""693de07d61cd05485e4f1d86""",profile_view,2026-01-14T19:16:59.159Z,0
"""6967ebbf2fd139b6b900fcae""","""693de07d61cd05485e4f1d86""",profile_view,2026-01-14T19:17:19.731Z,0
"""6967ebc52fd139b6b900fcb9""","""693de07d61cd05485e4f1d86""",profile_view,2026-01-14T19:17:25.037Z,0
"""6967ebcf2fd139b6b900fcc4""","""693de07d61cd05485e4f1d86""",profile_view,2026-01-14T19:17:35.415Z,0
"""6967ebda2fd139b6b900fccf""","""693de07d61cd05485e4f1d86""",profile_view,2026-01-14T19:17:46.503Z,0
"""6967ebe12fd139b6b900fcda""","""693de07d61cd05485e4f1d86""",profile_view,2026-01-14T19:17:53.451Z,0
"""6967ebec2fd139b6b900fce5""","""693de07d61cd05485e4f1d86""",profile_view,2026-01-14T19:18:04.422Z,0
"""6967ebfa2fd139b6b900fd14""","""6922facff280a9da8de57cc8""",profile_view,2026-01-14T19:18:18.392Z,0
"""6967ebfb2fd139b6b900fd1a""","""6922facff280a9da8de57cc8""",profile_view,2026-01-14T19:18:19.244Z,0
"""6967ec092fd139b6b900fd23""","""6922facff280a9da8de57cc8""",profile_view,2026-01-14T19:18:33.415Z,0
"""6967ecbf2fd139b6b900fd2c""","""6922facff280a9da8de57cc8""",profile_view,2026-01-14T19:21:35.311Z,0
"""6967ecc12fd139b6b900fd35""","""6922facff280a9da8de57cc8""",profile_view,2026-01-14T19:21:37.392Z,0
"""6967ecfc2fd139b6b900fd56""","""6922facff280a9da8de57cc8""",profile_view,2026-01-14T19:22:36.946Z,0
"""6967ecfd2fd139b6b900fd5c""","""6922facff280a9da8de57cc8""",profile_view,2026-01-14T19:22:37.321Z,0
"""6967ed092fd139b6b900fd7d""","""6922facff280a9da8de57cc8""",profile_view,2026-01-14T19:22:49.632Z,0
"""6967ed092fd139b6b900fd83""","""6922facff280a9da8de57cc8""",profile_view,2026-01-14T19:22:49.992Z,0
"""6967ed122fd139b6b900fda4""","""6922facff280a9da8de57cc8""",profile_view,2026-01-14T19:22:58.731Z,0
"""6967ed132fd139b6b900fdaa""","""6922facff280a9da8de57cc8""",profile_view,2026-01-14T19:22:59.100Z,0
"""6967ed262fd139b6b900fdcb""","""6922facff280a9da8de57cc8""",profile_view,2026-01-14T19:23:18.475Z,0
"""6967ed262fd139b6b900fdd1""","""6922facff280a9da8de57cc8""",profile_view,2026-01-14T19:23:18.830Z,0
"""6967ed302fd139b6b900fdf2""","""6922facff280a9da8de57cc8""",profile_view,2026-01-14T19:23:28.738Z,0
"""6967ed312fd139b6b900fdf8""","""6922facff280a9da8de57cc8""",profile_view,2026-01-14T19:23:29.104Z,0
"""6967ed852fd139b6b900fe23""","""6922facff280a9da8de57cc8""",profile_view,2026-01-14T19:24:53.918Z,0
"""6967ed862fd139b6b900fe29""","""6922facff280a9da8de57cc8""",profile_view,2026-01-14T19:24:54.289Z,0
"""6967ed972fd139b6b900fe4a""","""6922facff280a9da8de57cc8""",profile_view,2026-01-14T19:25:11.998Z,0
"""6967ed982fd139b6b900fe50""","""6922facff280a9da8de57cc8""",profile_view,2026-01-14T19:25:12.364Z,0
"""6967f4f02fd139b6b9010013""","""6922facff280a9da8de57cc8""",profile_view,2026-01-14T19:56:32.352Z,0
"""6967f4f02fd139b6b9010019""","""6922facff280a9da8de57cc8""",profile_view,2026-01-14T19:56:32.703Z,0
"""6967f5562fd139b6b9010025""","""6922facff280a9da8de57cc8""",profile_view,2026-01-14T19:58:14.441Z,0
"""6967f5562fd139b6b901002b""","""6922facff280a9da8de57cc8""",profile_view,2026-01-14T19:58:14.816Z,0
"""696aa7fc49271383ee9043c8""","""6922facff280a9da8de57cc8""",profile_view,2026-01-16T21:05:00.906Z,0
"""696aa7fd49271383ee9043ce""","""6922facff280a9da8de57cc8""",profile_view,2026-01-16T21:05:01.339Z,0
"""696aa81a49271383ee904427""","""6922facff280a9da8de57cc8""",profile_view,2026-01-16T21:05:30.408Z,0
"""696aa81a49271383ee90442d""","""6922facff280a9da8de57cc8""",profile_view,2026-01-16T21:05:30.911Z,0
"""696aa82549271383ee90444b""","""6922facff280a9da8de57cc8""",profile_view,2026-01-16T21:05:41.589Z,0
"""696aa82649271383ee904451""","""6922facff280a9da8de57cc8""",profile_view,2026-01-16T21:05:42.095Z,0
"""696aa82d49271383ee904472""","""6922facff280a9da8de57cc8""",profile_view,2026-01-16T21:05:49.442Z,0
"""696aa82d49271383ee904478""","""6922facff280a9da8de57cc8""",profile_view,2026-01-16T21:05:49.949Z,0
"""696aa83649271383ee904499""","""6922facff280a9da8de57cc8""",profile_view,2026-01-16T21:05:58.921Z,0
"""696aa83749271383ee90449f""","""6922facff280a9da8de57cc8""",profile_view,2026-01-16T21:05:59.430Z,0
"""696aa9ade709a42ec2807037""","""6922facff280a9da8de57cc8""",profile_view,2026-01-16T21:12:13.333Z,0
"""696aa9ade709a42ec2807039""","""6922facff280a9da8de57cc8""",profile_view,2026-01-16T21:12:13.350Z,0
"""696aa9b8e709a42ec280706c""","""6922facff280a9da8de57cc8""",profile_view,2026-01-16T21:12:24.365Z,0
"""696aa9b8e709a42ec2807072""","""6922facff280a9da8de57cc8""",profile_view,2026-01-16T21:12:24.829Z,0
"""696aaac8461c3fb917ea1da5""","""6922facff280a9da8de57cc8""",profile_view,2026-01-16T21:16:56.538Z,0
"""696aaac9461c3fb917ea1dab""","""6922facff280a9da8de57cc8""",profile_view,2026-01-16T21:16:57.045Z,0
"""696aab0ae8acaa3e0116181e""","""6922facff280a9da8de57cc8""",profile_view,2026-01-16T21:18:02.181Z,0
"""696aab0ae8acaa3e01161824""","""6922facff280a9da8de57cc8""",profile_view,2026-01-16T21:18:02.680Z,0
"""696aabf4384c79e8e3889523""","""6922facff280a9da8de57cc8""",profile_view,2026-01-16T21:21:56.688Z,0
"""696aabf5384c79e8e3889529""","""6922facff280a9da8de57cc8""",profile_view,2026-01-16T21:21:57.192Z,0
"""696aac19384c79e8e388954a""","""6922facff280a9da8de57cc8""",profile_view,2026-01-16T21:22:33.308Z,0
"""696aac19384c79e8e3889550""","""6922facff280a9da8de57cc8""",profile_view,2026-01-16T21:22:33.829Z,0
"""696ab6a37f427813c6d4cbda""","""6922facff280a9da8de57cc8""",profile_view,2026-01-16T22:07:31.405Z,0
"""696ab6d17f427813c6d4cbf0""","""6922facff280a9da8de57cc8""",profile_view,2026-01-16T22:08:17.525Z,0
"""696ab7737f427813c6d4cc52""","""6963faf1a4759f683df85e07""",profile_view,2026-01-16T22:10:59.476Z,0
"""696ab7917f427813c6d4cc5e""","""6922facff280a9da8de57cc8""",profile_view,2026-01-16T22:11:29.436Z,0
"""696ab7a97f427813c6d4cc73""","""6922facff280a9da8de57cc8""",profile_view,2026-01-16T22:11:53.659Z,0
"""696ab84a7f427813c6d4ccb7""","""6922facff280a9da8de57cc8""",profile_view,2026-01-16T22:14:34.425Z,0
"""696ab8847f427813c6d4ccbf""","""6922facff280a9da8de57cc8""",profile_view,2026-01-16T22:15:32.028Z,0
"""696ab89d7f427813c6d4ccd7""","""6922facff280a9da8de57cc8""",profile_view,2026-01-16T22:15:57.638Z,0
"""696ab9207f427813c6d4ccfb""","""6922facff280a9da8de57cc8""",profile_view,2026-01-16T22:18:08.360Z,0
"""696ab93e7f427813c6d4cd2e""","""6922facff280a9da8de57cc8""",profile_view,2026-01-16T22:18:38.730Z,0
"""696ab9c77f427813c6d4cd56""","""6922facff280a9da8de57cc8""",profile_view,2026-01-16T22:20:55.589Z,0
"""696ab9d37f427813c6d4cd5b""","""6922facff280a9da8de57cc8""",profile_view,2026-01-16T22:21:07.332Z,0
"""696ab9ee7f427813c6d4cd66""","""6963faf1a4759f683df85e07""",profile_view,2026-01-16T22:21:34.828Z,0
"""696aba047f427813c6d4cd83""","""6922facff280a9da8de57cc8""",profile_view,2026-01-16T22:21:56.155Z,0
"""696aba597f427813c6d4cdec""","""6922facff280a9da8de57cc8""",profile_view,2026-01-16T22:23:21.714Z,0
"""696aba9a7f427813c6d4ce0d""","""6922facff280a9da8de57cc8""",profile_view,2026-01-16T22:24:26.351Z,0
"""696abab67f427813c6d4ce2a""","""6922facff280a9da8de57cc8""",profile_view,2026-01-16T22:24:54.446Z,0
"""696abadf7f427813c6d4ce4a""","""6922facff280a9da8de57cc8""",profile_view,2026-01-16T22:25:35.127Z,0
"""696acce77f427813c6d4ce51""","""6922facff280a9da8de57cc8""",profile_view,2026-01-16T23:42:31.315Z,0
"""696acd0b7f427813c6d4ce56""","""6922facff280a9da8de57cc8""",profile_view,2026-01-16T23:43:07.367Z,0
"""696ad1457f427813c6d4ce5f""","""6922facff280a9da8de57cc8""",profile_view,2026-01-17T00:01:09.051Z,0
"""696ad1717f427813c6d4ce7a""","""6918cd112e72901c68a01b83""",profile_view,2026-01-17T00:01:53.297Z,0
"""696ad2187f427813c6d4cea0""","""6918cd112e72901c68a01b83""",profile_view,2026-01-17T00:04:40.003Z,0
"""696adcaa7f427813c6d4cef6""","""6918cd112e72901c68a01b83""",profile_view,2026-01-17T00:49:46.458Z,0
"""696adda67f427813c6d4cf44""","""6918cd112e72901c68a01b83""",profile_view,2026-01-17T00:53:58.454Z,0
"""696ade277f427813c6d4cf6d""","""6918cd112e72901c68a01b83""",profile_view,2026-01-17T00:56:07.236Z,0
"""696ade747f427813c6d4cf88""","""6963faf1a4759f683df85e07""",profile_view,2026-01-17T00:57:24.999Z,0
"""696ae32e7f427813c6d4cfba""","""6918cd112e72901c68a01b83""",profile_view,2026-01-17T01:17:34.093Z,0
"""696ae3717f427813c6d4cfec""","""6918cd112e72901c68a01b83""",profile_view,2026-01-17T01:18:41.148Z,0
"""696af6847f427813c6d4d0af""","""6922facff280a9da8de57cc8""",profile_view,2026-01-17T02:40:04.007Z,0
"""696b06897f427813c6d4d185""","""6918cd112e72901c68a01b83""",profile_view,2026-01-17T03:48:25.032Z,0
"""696b09447f427813c6d4d21e""","""693de07d61cd05485e4f1d86""",profile_view,2026-01-17T04:00:04.975Z,0
"""696b09557f427813c6d4d245""","""6963faf1a4759f683df85e07""",profile_view,2026-01-17T04:00:21.935Z,0
"""696b2a4280ce7c8c9f1c8e87""","""6918cd112e72901c68a01b83""",profile_view,2026-01-17T06:20:50.894Z,0
"""696b2aa580ce7c8c9f1c8ebf""","""6918cd112e72901c68a01b83""",profile_view,2026-01-17T06:22:29.947Z,0
"""696b2b2180ce7c8c9f1c8ec7""","""6922facff280a9da8de57cc8""",profile_view,2026-01-17T06:24:33.030Z,0
"""696b2c8c80ce7c8c9f1c8ef2""","""693de07d61cd05485e4f1d86""",profile_view,2026-01-17T06:30:36.447Z,0
"""696b404080ce7c8c9f1c8f0e""","""693de07d61cd05485e4f1d86""",profile_view,2026-01-17T07:54:40.168Z,0
"""696b525480ce7c8c9f1c8f8d""","""696b525280ce7c8c9f1c8f88""",profile_view,2026-01-17T09:11:48.906Z,0
"""696b532580ce7c8c9f1c8fcd""","""696b525280ce7c8c9f1c8f88""",profile_view,2026-01-17T09:15:17.031Z,0
"""696b533b80ce7c8c9f1c8fe4""","""696b525280ce7c8c9f1c8f88""",profile_view,2026-01-17T09:15:39.920Z,0
"""696b534f80ce7c8c9f1c900b""","""6963faf1a4759f683df85e07""",profile_view,2026-01-17T09:15:59.279Z,0
"""696b60f480ce7c8c9f1c9069""","""696b525280ce7c8c9f1c8f88""",profile_view,2026-01-17T10:14:12.416Z,0
"""696bb24c80ce7c8c9f1c908d""","""696b525280ce7c8c9f1c8f88""",profile_view,2026-01-17T16:01:16.903Z,0
"""696bb3cf80ce7c8c9f1c90a7""","""696b525280ce7c8c9f1c8f88""",profile_view,2026-01-17T16:07:43.407Z,0
"""696bdce93a25cd77b5f95b4f""","""696b525280ce7c8c9f1c8f88""",profile_view,2026-01-17T19:03:05.364Z,0
"""696c04ca3a25cd77b5f95fd5""","""6918cd112e72901c68a01b83""",profile_view,2026-01-17T21:53:14.696Z,0
"""696c4d4a3a25cd77b5f96027""","""6918cd112e72901c68a01b83""",profile_view,2026-01-18T03:02:34.874Z,0
"""696c4d773a25cd77b5f96072""","""6918cd112e72901c68a01b83""",profile_view,2026-01-18T03:03:19.213Z,0
"""696c4dac3a25cd77b5f960b3""","""6918cd112e72901c68a01b83""",profile_view,2026-01-18T03:04:12.164Z,0
"""696c50973a25cd77b5f961c5""","""6918cd112e72901c68a01b83""",profile_view,2026-01-18T03:16:39.568Z,0
"""696c50c43a25cd77b5f961f7""","""6918cd112e72901c68a01b83""",profile_view,2026-01-18T03:17:24.310Z,0
"""696d084f3a25cd77b5f96240""","""696b525280ce7c8c9f1c8f88""",profile_view,2026-01-18T16:20:31.215Z,0
"""696d0abc3a25cd77b5f9625f""","""6922facff280a9da8de57cc8""",profile_view,2026-01-18T16:30:52.838Z,0
"""696d0d4f3a25cd77b5f9628d""","""696b525280ce7c8c9f1c8f88""",profile_view,2026-01-18T16:41:51.082Z,0
"""696d0e8b3a25cd77b5f962b9""","""6918cd112e72901c68a01b83""",profile_view,2026-01-18T16:47:07.566Z,0
"""696d0fd13a25cd77b5f96313""","""6963faf1a4759f683df85e07""",profile_view,2026-01-18T16:52:33.806Z,0
"""696d0fdb3a25cd77b5f96345""","""6918cd112e72901c68a01b83""",profile_view,2026-01-18T16:52:43.847Z,0
"""696d100b3a25cd77b5f96375""","""6918cd112e72901c68a01b83""",profile_view,2026-01-18T16:53:31.890Z,0
"""696d360306df1d1df8fa2b50""","""6918cd112e72901c68a01b83""",profile_view,2026-01-18T19:35:31.479Z,0
"""696d362c06df1d1df8fa2b77""","""693de07d61cd05485e4f1d86""",profile_view,2026-01-18T19:36:12.981Z,0
"""696d555106df1d1df8fa2b9f""","""6922facff280a9da8de57cc8""",profile_view,2026-01-18T21:49:05.142Z,0
"""696d557006df1d1df8fa2c03""","""6922facff280a9da8de57cc8""",profile_view,2026-01-18T21:49:36.255Z,0
"""696d557906df1d1df8fa2c15""","""6922facff280a9da8de57cc8""",profile_view,2026-01-18T21:49:45.263Z,0
"""696d55dc06df1d1df8fa2c35""","""6922facff280a9da8de57cc8""",profile_view,2026-01-18T21:51:24.674Z,0
"""696d58f706df1d1df8fa2c48""","""696b525280ce7c8c9f1c8f88""",profile_view,2026-01-18T22:04:39.237Z,0
"""696dbbdc06df1d1df8fa2cdf""","""6922facff280a9da8de57cc8""",profile_view,2026-01-19T05:06:36.095Z,0
"""696dbf2706df1d1df8fa2d65""","""6922facff280a9da8de57cc8""",profile_view,2026-01-19T05:20:39.100Z,0
"""696def3a06df1d1df8fa2ddd""","""696b525280ce7c8c9f1c8f88""",profile_view,2026-01-19T08:45:46.318Z,0
"""696e346b06df1d1df8fa2e46""","""696e346906df1d1df8fa2e41""",profile_view,2026-01-19T13:40:59.788Z,0
"""696e34ff06df1d1df8fa2e8b""","""696e346906df1d1df8fa2e41""",profile_view,2026-01-19T13:43:27.653Z,0
"""696e352606df1d1df8fa2ec2""","""696e346906df1d1df8fa2e41""",profile_view,2026-01-19T13:44:06.673Z,0
"""696e36b906df1d1df8fa2f09""","""696e346906df1d1df8fa2e41""",profile_view,2026-01-19T13:50:49.662Z,0
"""696e37ad06df1d1df8fa2f4f""","""696e346906df1d1df8fa2e41""",profile_view,2026-01-19T13:54:53.410Z,0
"""696e37b006df1d1df8fa2f59""","""696e346906df1d1df8fa2e41""",profile_view,2026-01-19T13:54:56.534Z,0
"""696e388006df1d1df8fa2fa2""","""696e346906df1d1df8fa2e41""",profile_view,2026-01-19T13:58:24.608Z,0
"""696e388406df1d1df8fa2fad""","""696e346906df1d1df8fa2e41""",profile_view,2026-01-19T13:58:28.051Z,0
"""696e391406df1d1df8fa3006""","""696e391206df1d1df8fa3001""",profile_view,2026-01-19T14:00:52.148Z,0
"""696e39bb06df1d1df8fa304f""","""696e391206df1d1df8fa3001""",profile_view,2026-01-19T14:03:39.935Z,0
"""696e39c606df1d1df8fa3082""","""696e391206df1d1df8fa3001""",profile_view,2026-01-19T14:03:50.337Z,0
"""696e57ea06df1d1df8fa30b7""","""696e391206df1d1df8fa3001""",profile_view,2026-01-19T16:12:26.173Z,0
"""696e5ad806df1d1df8fa30e9""","""696e346906df1d1df8fa2e41""",profile_view,2026-01-19T16:24:56.259Z,0
"""696e5ae206df1d1df8fa310d""","""6918cd112e72901c68a01b83""",profile_view,2026-01-19T16:25:06.966Z,0
"""696e933ac29dd0c813cceff3""","""6918cd112e72901c68a01b83""",profile_view,2026-01-19T20:25:30.626Z,0
"""696e95c6c29dd0c813ccf023""","""696e346906df1d1df8fa2e41""",profile_view,2026-01-19T20:36:22.366Z,0
"""696ea1d9c29dd0c813ccf049""","""6918cd112e72901c68a01b83""",profile_view,2026-01-19T21:27:53.462Z,0
"""696ea296c29dd0c813ccf0c7""","""6918cd112e72901c68a01b83""",profile_view,2026-01-19T21:31:02.475Z,0
"""696ea371c29dd0c813ccf0d0""","""6918cd112e72901c68a01b83""",profile_view,2026-01-19T21:34:41.486Z,0
"""696ea37bc29dd0c813ccf0d9""","""6918cd112e72901c68a01b83""",profile_view,2026-01-19T21:34:51.650Z,0
"""696ea386c29dd0c813ccf0db""","""6918cd112e72901c68a01b83""",profile_view,2026-01-19T21:35:02.036Z,0
"""696ea387c29dd0c813ccf0dd""","""6918cd112e72901c68a01b83""",profile_view,2026-01-19T21:35:03.126Z,0
"""696ea387c29dd0c813ccf0df""","""6918cd112e72901c68a01b83""",profile_view,2026-01-19T21:35:03.548Z,0
"""696ea387c29dd0c813ccf0e1""","""6918cd112e72901c68a01b83""",profile_view,2026-01-19T21:35:03.702Z,0
"""696ea388c29dd0c813ccf0e3""","""6918cd112e72901c68a01b83""",profile_view,2026-01-19T21:35:04.048Z,0
"""696ea388c29dd0c813ccf0e5""","""6918cd112e72901c68a01b83""",profile_view,2026-01-19T21:35:04.197Z,0
"""696ea388c29dd0c813ccf0e7""","""6918cd112e72901c68a01b83""",profile_view,2026-01-19T21:35:04.379Z,0
"""696ea388c29dd0c813ccf0e9""","""6918cd112e72901c68a01b83""",profile_view,2026-01-19T21:35:04.490Z,0
"""696ea388c29dd0c813ccf0eb""","""6918cd112e72901c68a01b83""",profile_view,2026-01-19T21:35:04.653Z,0
"""696ea389c29dd0c813ccf0ed""","""6918cd112e72901c68a01b83""",profile_view,2026-01-19T21:35:05.406Z,0
"""696ea38ac29dd0c813ccf0ef""","""6918cd112e72901c68a01b83""",profile_view,2026-01-19T21:35:06.108Z,0
"""696ea38ac29dd0c813ccf0f1""","""6918cd112e72901c68a01b83""",profile_view,2026-01-19T21:35:06.690Z,0
"""696ea38bc29dd0c813ccf0f3""","""6918cd112e72901c68a01b83""",profile_view,2026-01-19T21:35:07.203Z,0
"""696ea38cc29dd0c813ccf0fc""","""6918cd112e72901c68a01b83""",profile_view,2026-01-19T21:35:08.928Z,0
"""696ea394c29dd0c813ccf115""","""6918cd112e72901c68a01b83""",profile_view,2026-01-19T21:35:16.072Z,0
"""696ea397c29dd0c813ccf129""","""6918cd112e72901c68a01b83""",profile_view,2026-01-19T21:35:19.551Z,0
"""696ea3d9c29dd0c813ccf19e""","""696ea3d8c29dd0c813ccf199""",profile_view,2026-01-19T21:36:25.958Z,0
"""696ea435c29dd0c813ccf1ed""","""696ea3d8c29dd0c813ccf199""",profile_view,2026-01-19T21:37:57.896Z,0
"""696ea43ac29dd0c813ccf1f2""","""696e391206df1d1df8fa3001""",profile_view,2026-01-19T21:38:02.106Z,0
"""696ea453c29dd0c813ccf253""","""696ea3d8c29dd0c813ccf199""",profile_view,2026-01-19T21:38:27.688Z,0
"""696ea454c29dd0c813ccf25a""","""696e391206df1d1df8fa3001""",profile_view,2026-01-19T21:38:28.695Z,0
"""696ea464c29dd0c813ccf27b""","""696ea3d8c29dd0c813ccf199""",profile_view,2026-01-19T21:38:44.288Z,0
"""696ea4b4c29dd0c813ccf27f""","""696ea3d8c29dd0c813ccf199""",profile_view,2026-01-19T21:40:04.369Z,0
"""696ea4b5c29dd0c813ccf281""","""696ea3d8c29dd0c813ccf199""",profile_view,2026-01-19T21:40:05.099Z,0
"""696ea4b5c29dd0c813ccf283""","""696ea3d8c29dd0c813ccf199""",profile_view,2026-01-19T21:40:05.818Z,0
"""696ea4b6c29dd0c813ccf285""","""696ea3d8c29dd0c813ccf199""",profile_view,2026-01-19T21:40:06.517Z,0
"""696ea4b7c29dd0c813ccf287""","""696ea3d8c29dd0c813ccf199""",profile_view,2026-01-19T21:40:07.245Z,0
"""696ea4b7c29dd0c813ccf289""","""696ea3d8c29dd0c813ccf199""",profile_view,2026-01-19T21:40:07.944Z,0
"""696ea4b8c29dd0c813ccf28b""","""696ea3d8c29dd0c813ccf199""",profile_view,2026-01-19T21:40:08.641Z,0
"""696ea4b9c29dd0c813ccf28d""","""696ea3d8c29dd0c813ccf199""",profile_view,2026-01-19T21:40:09.353Z,0
"""696ea4bac29dd0c813ccf28f""","""696ea3d8c29dd0c813ccf199""",profile_view,2026-01-19T21:40:10.073Z,0
"""696ea4bac29dd0c813ccf291""","""696ea3d8c29dd0c813ccf199""",profile_view,2026-01-19T21:40:10.894Z,0
"""696ea4bbc29dd0c813ccf297""","""696ea3d8c29dd0c813ccf199""",profile_view,2026-01-19T21:40:11.720Z,0
"""696ea4bcc29dd0c813ccf299""","""696ea3d8c29dd0c813ccf199""",profile_view,2026-01-19T21:40:12.181Z,0
"""696ea4bcc29dd0c813ccf29d""","""696ea3d8c29dd0c813ccf199""",profile_view,2026-01-19T21:40:12.506Z,0
"""696ea4bdc29dd0c813ccf29f""","""696ea3d8c29dd0c813ccf199""",profile_view,2026-01-19T21:40:13.330Z,0
"""696ea4bec29dd0c813ccf2a1""","""696ea3d8c29dd0c813ccf199""",profile_view,2026-01-19T21:40:14.152Z,0
"""696ea4bec29dd0c813ccf2a3""","""696ea3d8c29dd0c813ccf199""",profile_view,2026-01-19T21:40:14.868Z,0
"""696ea4bfc29dd0c813ccf2a5""","""696ea3d8c29dd0c813ccf199""",profile_view,2026-01-19T21:40:15.566Z,0
"""696ea4c0c29dd0c813ccf2a7""","""696ea3d8c29dd0c813ccf199""",profile_view,2026-01-19T21:40:16.283Z,0
"""696ea4c1c29dd0c813ccf2a9""","""696ea3d8c29dd0c813ccf199""",profile_view,2026-01-19T21:40:17.012Z,0
"""696ea4c1c29dd0c813ccf2ab""","""696ea3d8c29dd0c813ccf199""",profile_view,2026-01-19T21:40:17.722Z,0
"""696ea4c2c29dd0c813ccf2ad""","""696ea3d8c29dd0c813ccf199""",profile_view,2026-01-19T21:40:18.426Z,0
"""696ea4c3c29dd0c813ccf2af""","""696ea3d8c29dd0c813ccf199""",profile_view,2026-01-19T21:40:19.129Z,0
"""696ea4c3c29dd0c813ccf2b1""","""696ea3d8c29dd0c813ccf199""",profile_view,2026-01-19T21:40:19.947Z,0
"""696ea4c4c29dd0c813ccf2b7""","""696ea3d8c29dd0c813ccf199""",profile_view,2026-01-19T21:40:20.759Z,0
"""696ea4c4c29dd0c813ccf2b9""","""696ea3d8c29dd0c813ccf199""",profile_view,2026-01-19T21:40:20.980Z,0
"""696ea4c5c29dd0c813ccf2bd""","""696ea3d8c29dd0c813ccf199""",profile_view,2026-01-19T21:40:21.583Z,0
"""696ea4c6c29dd0c813ccf2bf""","""696ea3d8c29dd0c813ccf199""",profile_view,2026-01-19T21:40:22.320Z,0
"""696ea4c7c29dd0c813ccf2c1""","""696ea3d8c29dd0c813ccf199""",profile_view,2026-01-19T21:40:23.171Z,0
"""696ea4c7c29dd0c813ccf2c3""","""696ea3d8c29dd0c813ccf199""",profile_view,2026-01-19T21:40:23.982Z,0
"""696ea4c8c29dd0c813ccf2c5""","""696ea3d8c29dd0c813ccf199""",profile_view,2026-01-19T21:40:24.738Z,0
"""696ea4c9c29dd0c813ccf2c7""","""696ea3d8c29dd0c813ccf199""",profile_view,2026-01-19T21:40:25.546Z,0
"""696ea4cac29dd0c813ccf2c9""","""696ea3d8c29dd0c813ccf199""",profile_view,2026-01-19T21:40:26.288Z,0
"""696ea4cbc29dd0c813ccf2cb""","""696ea3d8c29dd0c813ccf199""",profile_view,2026-01-19T21:40:27.097Z,0
"""696ea4cbc29dd0c813ccf2cd""","""696ea3d8c29dd0c813ccf199""",profile_view,2026-01-19T21:40:27.827Z,0
"""696ea4ccc29dd0c813ccf2cf""","""696ea3d8c29dd0c813ccf199""",profile_view,2026-01-19T21:40:28.637Z,0
"""696ea4cdc29dd0c813ccf2d1""","""696ea3d8c29dd0c813ccf199""",profile_view,2026-01-19T21:40:29.374Z,0
"""696ea4cec29dd0c813ccf2d3""","""696ea3d8c29dd0c813ccf199""",profile_view,2026-01-19T21:40:30.181Z,0
"""696ea4cfc29dd0c813ccf2d5""","""696ea3d8c29dd0c813ccf199""",profile_view,2026-01-19T21:40:31.002Z,0
"""696ea4cfc29dd0c813ccf2d7""","""696ea3d8c29dd0c813ccf199""",profile_view,2026-01-19T21:40:31.716Z,0
"""696ea4d0c29dd0c813ccf2d9""","""696ea3d8c29dd0c813ccf199""",profile_view,2026-01-19T21:40:32.433Z,0
"""696ea4d1c29dd0c813ccf2db""","""696ea3d8c29dd0c813ccf199""",profile_view,2026-01-19T21:40:33.259Z,0
"""696ea4d2c29dd0c813ccf2dd""","""696ea3d8c29dd0c813ccf199""",profile_view,2026-01-19T21:40:34.103Z,0
"""696ea4d2c29dd0c813ccf2df""","""696ea3d8c29dd0c813ccf199""",profile_view,2026-01-19T21:40:34.945Z,0
"""696ea4d3c29dd0c813ccf2f0""","""696ea3d8c29dd0c813ccf199""",profile_view,2026-01-19T21:40:35.763Z,0
"""696ea4d4c29dd0c813ccf2fe""","""696ea3d8c29dd0c813ccf199""",profile_view,2026-01-19T21:40:36.487Z,0
"""696ea4d5c29dd0c813ccf300""","""696ea3d8c29dd0c813ccf199""",profile_view,2026-01-19T21:40:37.294Z,0
"""696ea4d6c29dd0c813ccf302""","""696ea3d8c29dd0c813ccf199""",profile_view,2026-01-19T21:40:38.019Z,0
"""696ea4d6c29dd0c813ccf304""","""696ea3d8c29dd0c813ccf199""",profile_view,2026-01-19T21:40:38.822Z,0
"""696ea4d7c29dd0c813ccf306""","""696ea3d8c29dd0c813ccf199""",profile_view,2026-01-19T21:40:39.665Z,0
"""696ea4d8c29dd0c813ccf308""","""696ea3d8c29dd0c813ccf199""",profile_view,2026-01-19T21:40:40.487Z,0
"""696ea4d9c29dd0c813ccf30a""","""696ea3d8c29dd0c813ccf199""",profile_view,2026-01-19T21:40:41.307Z,0
"""696ea4dac29dd0c813ccf30c""","""696ea3d8c29dd0c813ccf199""",profile_view,2026-01-19T21:40:42.051Z,0
"""696ea4dbc29dd0c813ccf30e""","""696ea3d8c29dd0c813ccf199""",profile_view,2026-01-19T21:40:43.006Z,0
"""696ea4dbc29dd0c813ccf312""","""696ea3d8c29dd0c813ccf199""",profile_view,2026-01-19T21:40:43.728Z,0
"""696ea4dcc29dd0c813ccf315""","""696ea3d8c29dd0c813ccf199""",profile_view,2026-01-19T21:40:44.360Z,0
"""696ea4dcc29dd0c813ccf317""","""696ea3d8c29dd0c813ccf199""",profile_view,2026-01-19T21:40:44.577Z,0
"""696ea4ddc29dd0c813ccf319""","""696ea3d8c29dd0c813ccf199""",profile_view,2026-01-19T21:40:45.448Z,0
"""696ea4dec29dd0c813ccf31b""","""696ea3d8c29dd0c813ccf199""",profile_view,2026-01-19T21:40:46.269Z,0
"""696ea4dec29dd0c813ccf31d""","""696ea3d8c29dd0c813ccf199""",profile_view,2026-01-19T21:40:46.982Z,0
"""696ea4f1c29dd0c813ccf31f""","""696ea3d8c29dd0c813ccf199""",profile_view,2026-01-19T21:41:05.888Z,0
"""696ea4f2c29dd0c813ccf321""","""696ea3d8c29dd0c813ccf199""",profile_view,2026-01-19T21:41:06.594Z,0
"""696ea4f3c29dd0c813ccf323""","""696ea3d8c29dd0c813ccf199""",profile_view,2026-01-19T21:41:07.299Z,0
"""696ea4f4c29dd0c813ccf325""","""696ea3d8c29dd0c813ccf199""",profile_view,2026-01-19T21:41:08.002Z,0
"""696ea4f4c29dd0c813ccf327""","""696ea3d8c29dd0c813ccf199""",profile_view,2026-01-19T21:41:08.728Z,0
"""696ea4f5c29dd0c813ccf329""","""696ea3d8c29dd0c813ccf199""",profile_view,2026-01-19T21:41:09.428Z,0
"""696ea4f6c29dd0c813ccf32e""","""696ea3d8c29dd0c813ccf199""",profile_view,2026-01-19T21:41:10.255Z,0
"""696ea4f6c29dd0c813ccf331""","""696ea3d8c29dd0c813ccf199""",profile_view,2026-01-19T21:41:10.952Z,0
"""696ea4f7c29dd0c813ccf334""","""696ea3d8c29dd0c813ccf199""",profile_view,2026-01-19T21:41:11.047Z,0
"""696ea4f7c29dd0c813ccf337""","""696ea3d8c29dd0c813ccf199""",profile_view,2026-01-19T21:41:11.852Z,0
"""696ea4f8c29dd0c813ccf33d""","""696ea3d8c29dd0c813ccf199""",profile_view,2026-01-19T21:41:12.615Z,0
"""696ea4f8c29dd0c813ccf33f""","""696ea3d8c29dd0c813ccf199""",profile_view,2026-01-19T21:41:12.756Z,0
"""696ea4f9c29dd0c813ccf343""","""696ea3d8c29dd0c813ccf199""",profile_view,2026-01-19T21:41:13.431Z,0
"""696ea4fac29dd0c813ccf345""","""696ea3d8c29dd0c813ccf199""",profile_view,2026-01-19T21:41:14.243Z,0
"""696ea4fbc29dd0c813ccf347""","""696ea3d8c29dd0c813ccf199""",profile_view,2026-01-19T21:41:15.062Z,0
"""696ea4fbc29dd0c813ccf349""","""696ea3d8c29dd0c813ccf199""",profile_view,2026-01-19T21:41:15.798Z,0
"""696ea4fcc29dd0c813ccf34b""","""696ea3d8c29dd0c813ccf199""",profile_view,2026-01-19T21:41:16.606Z,0
"""696ea4fdc29dd0c813ccf34d""","""696ea3d8c29dd0c813ccf199""",profile_view,2026-01-19T21:41:17.416Z,0
"""696ea4fec29dd0c813ccf34f""","""696ea3d8c29dd0c813ccf199""",profile_view,2026-01-19T21:41:18.155Z,0
"""696ea4fec29dd0c813ccf351""","""696ea3d8c29dd0c813ccf199""",profile_view,2026-01-19T21:41:18.976Z,0
"""696ea4ffc29dd0c813ccf353""","""696ea3d8c29dd0c813ccf199""",profile_view,2026-01-19T21:41:19.782Z,0
"""696ea500c29dd0c813ccf355""","""696ea3d8c29dd0c813ccf199""",profile_view,2026-01-19T21:41:20.584Z,0
"""696ea501c29dd0c813ccf357""","""696ea3d8c29dd0c813ccf199""",profile_view,2026-01-19T21:41:21.398Z,0
"""696ea502c29dd0c813ccf359""","""696ea3d8c29dd0c813ccf199""",profile_view,2026-01-19T21:41:22.195Z,0
"""696ea503c29dd0c813ccf35b""","""696ea3d8c29dd0c813ccf199""",profile_view,2026-01-19T21:41:23.007Z,0
"""696ea503c29dd0c813ccf35d""","""696ea3d8c29dd0c813ccf199""",profile_view,2026-01-19T21:41:23.771Z,0
"""696ea504c29dd0c813ccf35f""","""696ea3d8c29dd0c813ccf199""",profile_view,2026-01-19T21:41:24.586Z,0
"""696ea505c29dd0c813ccf361""","""696ea3d8c29dd0c813ccf199""",profile_view,2026-01-19T21:41:25.331Z,0
"""696ea506c29dd0c813ccf363""","""696ea3d8c29dd0c813ccf199""",profile_view,2026-01-19T21:41:26.145Z,0
"""696ea506c29dd0c813ccf365""","""696ea3d8c29dd0c813ccf199""",profile_view,2026-01-19T21:41:26.844Z,0
"""696ea507c29dd0c813ccf367""","""696ea3d8c29dd0c813ccf199""",profile_view,2026-01-19T21:41:27.534Z,0
"""696ea508c29dd0c813ccf36b""","""696ea3d8c29dd0c813ccf199""",profile_view,2026-01-19T21:41:28.350Z,0
"""696ea509c29dd0c813ccf36f""","""696ea3d8c29dd0c813ccf199""",profile_view,2026-01-19T21:41:29.168Z,0
"""696ea509c29dd0c813ccf371""","""696ea3d8c29dd0c813ccf199""",profile_view,2026-01-19T21:41:29.229Z,0
"""696ea509c29dd0c813ccf375""","""696ea3d8c29dd0c813ccf199""",profile_view,2026-01-19T21:41:29.992Z,0
"""696ea50ac29dd0c813ccf377""","""696ea3d8c29dd0c813ccf199""",profile_view,2026-01-19T21:41:30.825Z,0
"""696ea50bc29dd0c813ccf379""","""696ea3d8c29dd0c813ccf199""",profile_view,2026-01-19T21:41:31.566Z,0
"""696ea50cc29dd0c813ccf37b""","""696ea3d8c29dd0c813ccf199""",profile_view,2026-01-19T21:41:32.425Z,0
"""696ea50dc29dd0c813ccf37d""","""696ea3d8c29dd0c813ccf199""",profile_view,2026-01-19T21:41:33.234Z,0
"""696ea50dc29dd0c813ccf37f""","""696ea3d8c29dd0c813ccf199""",profile_view,2026-01-19T21:41:33.998Z,0
"""696ea50ec29dd0c813ccf381""","""696ea3d8c29dd0c813ccf199""",profile_view,2026-01-19T21:41:34.809Z,0
"""696ea50fc29dd0c813ccf383""","""696ea3d8c29dd0c813ccf199""",profile_view,2026-01-19T21:41:35.618Z,0
"""696ea510c29dd0c813ccf385""","""696ea3d8c29dd0c813ccf199""",profile_view,2026-01-19T21:41:36.439Z,0
"""696ea511c29dd0c813ccf387""","""696ea3d8c29dd0c813ccf199""",profile_view,2026-01-19T21:41:37.283Z,0
"""696ea512c29dd0c813ccf38b""","""696ea3d8c29dd0c813ccf199""",profile_view,2026-01-19T21:41:38.104Z,0
"""696ea512c29dd0c813ccf396""","""696ea3d8c29dd0c813ccf199""",profile_view,2026-01-19T21:41:38.837Z,0
"""696ea513c29dd0c813ccf3a8""","""696ea3d8c29dd0c813ccf199""",profile_view,2026-01-19T21:41:39.595Z,0
"""696ea514c29dd0c813ccf3b6""","""696ea3d8c29dd0c813ccf199""",profile_view,2026-01-19T21:41:40.398Z,0
"""696ea515c29dd0c813ccf3b8""","""696ea3d8c29dd0c813ccf199""",profile_view,2026-01-19T21:41:41.193Z,0
"""696ea515c29dd0c813ccf3ba""","""696ea3d8c29dd0c813ccf199""",profile_view,2026-01-19T21:41:41.910Z,0
"""696ea516c29dd0c813ccf3bc""","""696ea3d8c29dd0c813ccf199""",profile_view,2026-01-19T21:41:42.639Z,0
"""696ea517c29dd0c813ccf3be""","""696ea3d8c29dd0c813ccf199""",profile_view,2026-01-19T21:41:43.450Z,0
"""696ea518c29dd0c813ccf3c0""","""696ea3d8c29dd0c813ccf199""",profile_view,2026-01-19T21:41:44.189Z,0
"""696ea518c29dd0c813ccf3c2""","""696ea3d8c29dd0c813ccf199""",profile_view,2026-01-19T21:41:44.989Z,0
"""696ea519c29dd0c813ccf3cb""","""696ea3d8c29dd0c813ccf199""",profile_view,2026-01-19T21:41:45.818Z,0
"""696ea51ac29dd0c813ccf3cd""","""6918cd112e72901c68a01b83""",profile_view,2026-01-19T21:41:46.397Z,0
"""696ea51ac29dd0c813ccf3d1""","""696ea3d8c29dd0c813ccf199""",profile_view,2026-01-19T21:41:46.624Z,0
"""696ea51bc29dd0c813ccf3d3""","""696ea3d8c29dd0c813ccf199""",profile_view,2026-01-19T21:41:47.437Z,0
"""696ea51cc29dd0c813ccf3d5""","""696ea3d8c29dd0c813ccf199""",profile_view,2026-01-19T21:41:48.208Z,0
"""696ea51dc29dd0c813ccf3d7""","""696ea3d8c29dd0c813ccf199""",profile_view,2026-01-19T21:41:49.020Z,0
"""696ea51dc29dd0c813ccf3d9""","""696ea3d8c29dd0c813ccf199""",profile_view,2026-01-19T21:41:49.840Z,0
"""696ea51ec29dd0c813ccf3e5""","""696ea3d8c29dd0c813ccf199""",profile_view,2026-01-19T21:41:50.652Z,0
"""696ea51fc29dd0c813ccf402""","""696ea3d8c29dd0c813ccf199""",profile_view,2026-01-19T21:41:51.478Z,0
"""696ea520c29dd0c813ccf409""","""696ea3d8c29dd0c813ccf199""",profile_view,2026-01-19T21:41:52.256Z,0
"""696ea521c29dd0c813ccf40b""","""696ea3d8c29dd0c813ccf199""",profile_view,2026-01-19T21:41:53.066Z,0
"""696ea521c29dd0c813ccf40d""","""696ea3d8c29dd0c813ccf199""",profile_view,2026-01-19T21:41:53.810Z,0
"""696ea522c29dd0c813ccf40f""","""696ea3d8c29dd0c813ccf199""",profile_view,2026-01-19T21:41:54.627Z,0
"""696ea523c29dd0c813ccf411""","""696ea3d8c29dd0c813ccf199""",profile_view,2026-01-19T21:41:55.367Z,0
"""696ea524c29dd0c813ccf413""","""696ea3d8c29dd0c813ccf199""",profile_view,2026-01-19T21:41:56.191Z,0
"""696ea525c29dd0c813ccf415""","""696ea3d8c29dd0c813ccf199""",profile_view,2026-01-19T21:41:57.012Z,0
"""696ea525c29dd0c813ccf417""","""696ea3d8c29dd0c813ccf199""",profile_view,2026-01-19T21:41:57.813Z,0
"""696ea526c29dd0c813ccf419""","""696ea3d8c29dd0c813ccf199""",profile_view,2026-01-19T21:41:58.519Z,0
"""696ea527c29dd0c813ccf41b""","""696ea3d8c29dd0c813ccf199""",profile_view,2026-01-19T21:41:59.224Z,0
"""696ea5a2c29dd0c813ccf42f""","""696ea3d8c29dd0c813ccf199""",profile_view,2026-01-19T21:44:02.093Z,0
"""696ea5d7c29dd0c813ccf481""","""696ea3d8c29dd0c813ccf199""",profile_view,2026-01-19T21:44:55.665Z,0
"""696ea62cc29dd0c813ccf4af""","""696ea62ac29dd0c813ccf4aa""",profile_view,2026-01-19T21:46:20.011Z,0
"""696ea669c29dd0c813ccf4dd""","""696ea62ac29dd0c813ccf4aa""",profile_view,2026-01-19T21:47:21.488Z,0
"""696ea6c6c29dd0c813ccf5ce""","""696e346906df1d1df8fa2e41""",profile_view,2026-01-19T21:48:54.111Z,0
"""696ea71bc29dd0c813ccf608""","""696e391206df1d1df8fa3001""",profile_view,2026-01-19T21:50:19.379Z,0
"""696ea72dc29dd0c813ccf644""","""6922facff280a9da8de57cc8""",profile_view,2026-01-19T21:50:37.374Z,0
"""696ea763c29dd0c813ccf6af""","""696e391206df1d1df8fa3001""",profile_view,2026-01-19T21:51:31.727Z,0
"""696ea76fc29dd0c813ccf6ca""","""6963faf1a4759f683df85e07""",profile_view,2026-01-19T21:51:43.222Z,0
"""696ea825c29dd0c813ccf81c""","""6922facff280a9da8de57cc8""",profile_view,2026-01-19T21:54:45.639Z,0
"""696ea82bc29dd0c813ccf821""","""6922facff280a9da8de57cc8""",profile_view,2026-01-19T21:54:51.564Z,0
"""696ea874c29dd0c813ccf85c""","""6922facff280a9da8de57cc8""",profile_view,2026-01-19T21:56:04.540Z,0
"""696ea907c29dd0c813ccf9ff""","""696ea7f5c29dd0c813ccf7d4""",profile_view,2026-01-19T21:58:31.912Z,0
"""696ea950c29dd0c813ccfa79""","""6918cd112e72901c68a01b83""",profile_view,2026-01-19T21:59:44.409Z,0
"""696ea985c29dd0c813ccfb04""","""6963faf1a4759f683df85e07""",profile_view,2026-01-19T22:00:37.405Z,0
"""696eaa0dc29dd0c813ccfc04""","""6963faf1a4759f683df85e07""",profile_view,2026-01-19T22:02:53.438Z,0
"""696eaa63c29dd0c813ccfcf4""","""6918cd112e72901c68a01b83""",profile_view,2026-01-19T22:04:19.476Z,0
"""696eaa67c29dd0c813ccfcfd""","""6918cd112e72901c68a01b83""",profile_view,2026-01-19T22:04:23.998Z,0
"""696eaabec29dd0c813ccfd45""","""6918cd112e72901c68a01b83""",profile_view,2026-01-19T22:05:50.615Z,0
"""696eab3fc29dd0c813ccfe63""","""696eab36c29dd0c813ccfe34""",profile_view,2026-01-19T22:07:59.960Z,0
"""696eab49c29dd0c813ccfe83""","""696eab36c29dd0c813ccfe34""",profile_view,2026-01-19T22:08:09.516Z,0
"""696eacafc29dd0c813cd01a1""","""696eaca8c29dd0c813cd017a""",profile_view,2026-01-19T22:14:07.587Z,0
"""696eacb7c29dd0c813cd01c5""","""696eacb5c29dd0c813cd01be""",profile_view,2026-01-19T22:14:15.115Z,0
"""696eaccec29dd0c813cd023b""","""696eacb5c29dd0c813cd01be""",profile_view,2026-01-19T22:14:38.824Z,0
"""696ead2ac29dd0c813cd031f""","""696eacb5c29dd0c813cd01be""",profile_view,2026-01-19T22:16:10.942Z,0
"""696ead37c29dd0c813cd0344""","""696eacb5c29dd0c813cd01be""",profile_view,2026-01-19T22:16:23.616Z,0
"""696ead37c29dd0c813cd034b""","""696eacb5c29dd0c813cd01be""",profile_view,2026-01-19T22:16:23.871Z,0
"""696ead38c29dd0c813cd034e""","""696eacb5c29dd0c813cd01be""",profile_view,2026-01-19T22:16:24.353Z,0
"""696ead38c29dd0c813cd0350""","""696eacb5c29dd0c813cd01be""",profile_view,2026-01-19T22:16:24.409Z,0
"""696ead38c29dd0c813cd0353""","""696eacb5c29dd0c813cd01be""",profile_view,2026-01-19T22:16:24.500Z,0
"""696ead38c29dd0c813cd0355""","""696eacb5c29dd0c813cd01be""",profile_view,2026-01-19T22:16:24.579Z,0
"""696ead38c29dd0c813cd0357""","""696eacb5c29dd0c813cd01be""",profile_view,2026-01-19T22:16:24.660Z,0
"""696ead38c29dd0c813cd035a""","""696eacb5c29dd0c813cd01be""",profile_view,2026-01-19T22:16:24.727Z,0
"""696ead38c29dd0c813cd035c""","""696eacb5c29dd0c813cd01be""",profile_view,2026-01-19T22:16:24.818Z,0
"""696ead38c29dd0c813cd0360""","""696eacb5c29dd0c813cd01be""",profile_view,2026-01-19T22:16:24.903Z,0
"""696ead38c29dd0c813cd0362""","""696eacb5c29dd0c813cd01be""",profile_view,2026-01-19T22:16:24.980Z,0
"""696ead39c29dd0c813cd0365""","""696eacb5c29dd0c813cd01be""",profile_view,2026-01-19T22:16:25.076Z,0
"""696ead39c29dd0c813cd0367""","""696eacb5c29dd0c813cd01be""",profile_view,2026-01-19T22:16:25.160Z,0
"""696ead39c29dd0c813cd0369""","""696eacb5c29dd0c813cd01be""",profile_view,2026-01-19T22:16:25.241Z,0
"""696ead39c29dd0c813cd036b""","""696eacb5c29dd0c813cd01be""",profile_view,2026-01-19T22:16:25.321Z,0
"""696ead39c29dd0c813cd036d""","""696eacb5c29dd0c813cd01be""",profile_view,2026-01-19T22:16:25.405Z,0
"""696ead39c29dd0c813cd0370""","""696eacb5c29dd0c813cd01be""",profile_view,2026-01-19T22:16:25.485Z,0
"""696ead39c29dd0c813cd0372""","""696eacb5c29dd0c813cd01be""",profile_view,2026-01-19T22:16:25.574Z,0
"""696ead39c29dd0c813cd0374""","""696eacb5c29dd0c813cd01be""",profile_view,2026-01-19T22:16:25.708Z,0
"""696ead39c29dd0c813cd0376""","""696eacb5c29dd0c813cd01be""",profile_view,2026-01-19T22:16:25.830Z,0
"""696ead39c29dd0c813cd0378""","""696eacb5c29dd0c813cd01be""",profile_view,2026-01-19T22:16:25.850Z,0
"""696ead39c29dd0c813cd037a""","""696eacb5c29dd0c813cd01be""",profile_view,2026-01-19T22:16:25.972Z,0
"""696ead3ac29dd0c813cd037c""","""696eacb5c29dd0c813cd01be""",profile_view,2026-01-19T22:16:26.103Z,0
"""696ead3ac29dd0c813cd037e""","""696eacb5c29dd0c813cd01be""",profile_view,2026-01-19T22:16:26.232Z,0
"""696ead3ac29dd0c813cd0380""","""696eacb5c29dd0c813cd01be""",profile_view,2026-01-19T22:16:26.247Z,0
"""696ead3ac29dd0c813cd0382""","""696eacb5c29dd0c813cd01be""",profile_view,2026-01-19T22:16:26.373Z,0
"""696ead3ac29dd0c813cd0384""","""696eacb5c29dd0c813cd01be""",profile_view,2026-01-19T22:16:26.489Z,0
"""696ead3ac29dd0c813cd0386""","""696eacb5c29dd0c813cd01be""",profile_view,2026-01-19T22:16:26.515Z,0
"""696ead3ac29dd0c813cd0388""","""696eacb5c29dd0c813cd01be""",profile_view,2026-01-19T22:16:26.529Z,0
"""696ead3ac29dd0c813cd038a""","""696eacb5c29dd0c813cd01be""",profile_view,2026-01-19T22:16:26.653Z,0
"""696ead3ac29dd0c813cd038c""","""696eacb5c29dd0c813cd01be""",profile_view,2026-01-19T22:16:26.797Z,0
"""696ead3ac29dd0c813cd038e""","""696eacb5c29dd0c813cd01be""",profile_view,2026-01-19T22:16:26.912Z,0
"""696ead3ac29dd0c813cd0390""","""696eacb5c29dd0c813cd01be""",profile_view,2026-01-19T22:16:26.931Z,0
"""696ead3bc29dd0c813cd0392""","""696eacb5c29dd0c813cd01be""",profile_view,2026-01-19T22:16:27.047Z,0
"""696ead88c29dd0c813cd058a""","""696eacb5c29dd0c813cd01be""",profile_view,2026-01-19T22:17:44.405Z,0
"""696ead92c29dd0c813cd05d1""","""696ead37c29dd0c813cd0349""",profile_view,2026-01-19T22:17:54.340Z,0
"""696ead93c29dd0c813cd05d4""","""696eacb5c29dd0c813cd01be""",profile_view,2026-01-19T22:17:55.204Z,0
"""696ead9dc29dd0c813cd05ec""","""696eacb5c29dd0c813cd01be""",profile_view,2026-01-19T22:18:05.396Z,0
"""696eadc2c29dd0c813cd0685""","""6918cd112e72901c68a01b83""",profile_view,2026-01-19T22:18:42.012Z,0
"""696eae049807a29a1a8e0abf""","""6922facff280a9da8de57cc8""",profile_view,2026-01-19T22:19:48.719Z,0
"""696eae059807a29a1a8e0ac5""","""6922facff280a9da8de57cc8""",profile_view,2026-01-19T22:19:49.090Z,0
"""696eae20c29dd0c813cd071f""","""696eacb5c29dd0c813cd01be""",profile_view,2026-01-19T22:20:16.241Z,0
"""696eae26c29dd0c813cd0726""","""696ead28c29dd0c813cd02f5""",profile_view,2026-01-19T22:20:22.332Z,0
"""696eae2bc29dd0c813cd0731""","""6918cd112e72901c68a01b83""",profile_view,2026-01-19T22:20:27.910Z,0
"""696eae2fc29dd0c813cd073d""","""6918cd112e72901c68a01b83""",profile_view,2026-01-19T22:20:31.331Z,0
"""696eaec3c29dd0c813cd0998""","""696eacb5c29dd0c813cd01be""",profile_view,2026-01-19T22:22:59.770Z,0
