__v,_id,createdAt,profileId,userId
"""691dfe5b6a3b2f97960beedc""","""691cd0d8a110fe6d1d7405c3""","""6918d20288db45809edd5bf0""",2025-11-19T17:28:59.357Z,0
"""691dfe686a3b2f97960beeea""","""691cd0d8a110fe6d1d7405c3""","""6918cd112e72901c68a01b83""",2025-11-19T17:29:12.482Z,0
"""691dfe746a3b2f97960bef01""","""691cd0d8a110fe6d1d7405c3""","""691a58d54209829e3092dc52""",2025-11-19T17:29:24.609Z,0
"""691e04b70c01f674350b3f58""","""6918de9088db45809edd5c29""","""691e035a0c01f674350b3f1b""",2025-11-19T17:56:07.381Z,0
"""691e6a950c01f674350b4055""","""6918cc662e72901c68a01b7a""","""691a58d54209829e3092dc52""",2025-11-20T01:10:45.035Z,0
"""6920934d32bf93713685028d""","""6918de9088db45809edd5c29""","""691a58d54209829e3092dc52""",2025-11-21T16:29:01.116Z,0
"""693dbca166a9ad03f5dde43a""","""6908cc60693037639c054dad""","""6918cd112e72901c68a01b83""",2025-12-13T19:21:05.039Z,0
"""693dd9237e0030b3466b2c68""","""6908cc60693037639c054dad""","""6922facff280a9da8de57cc8""",2025-12-13T21:22:43.026Z,0
"""693de1377e0030b3466b2ffd""","""6908cc60693037639c054dad""","""693de07d61cd05485e4f1d86""",2025-12-13T21:57:11.336Z,0
"""693de1ca7e0030b3466b308c""","""6918de9088db45809edd5c29""","""693de07d61cd05485e4f1d86""",2025-12-13T21:59:38.075Z,0
"""696def6206df1d1df8fa2de4""","""6908cc60693037639c054dad""","""696b525280ce7c8c9f1c8f88""",2026-01-19T08:46:26.041Z,0
"""696ea68cc29dd0c813ccf518""","""696ea687c29dd0c813ccf506""","""696ea3d8c29dd0c813ccf199""",2026-01-19T21:47:56.178Z,0
"""696ea6acc29dd0c813ccf591""","""696ea6a8c29dd0c813ccf57f""","""696ea3d8c29dd0c813ccf199""",2026-01-19T21:48:28.434Z,0
"""696ea7ddc29dd0c813ccf74d""","""696ea7dac29dd0c813ccf740""","""696ea3d8c29dd0c813ccf199""",2026-01-19T21:53:33.310Z,0
"""696ea7e5c29dd0c813ccf783""","""696ea7e3c29dd0c813ccf766""","""696ea3d8c29dd0c813ccf199""",2026-01-19T21:53:41.844Z,0
"""696ea7eec29dd0c813ccf7bf""","""696ea7ecc29dd0c813ccf7a4""","""696ea3d8c29dd0c813ccf199""",2026-01-19T21:53:50.703Z,0
"""696ea7f7c29dd0c813ccf7da""","""696ea7f4c29dd0c813ccf7cc""","""696ea3d8c29dd0c813ccf199""",2026-01-19T21:53:59.117Z,0
"""696eaaaec29dd0c813ccfd17""","""696eaaacc29dd0c813ccfd06""","""6918cd112e72901c68a01b83""",2026-01-19T22:05:34.063Z,0
"""696eaab5c29dd0c813ccfd30""","""696eaab3c29dd0c813ccfd1f""","""6918cd112e72901c68a01b83""",2026-01-19T22:05:41.515Z,0
"""696eaac3c29dd0c813ccfd6d""","""696eaac0c29dd0c813ccfd49""","""6918cd112e72901c68a01b83""",2026-01-19T22:05:55.229Z,0
"""696eaacbc29dd0c813ccfd9c""","""696eaac8c29dd0c813ccfd79""","""6918cd112e72901c68a01b83""",2026-01-19T22:06:03.386Z,0
"""696eaad2c29dd0c813ccfdc0""","""696eaad0c29dd0c813ccfda4""","""6918cd112e72901c68a01b83""",2026-01-19T22:06:10.872Z,0
"""696eaadbc29dd0c813ccfdf8""","""696eaad9c29dd0c813ccfde3""","""6918cd112e72901c68a01b83""",2026-01-19T22:06:19.278Z,0
"""696eaae2c29dd0c813ccfe19""","""696eaae0c29dd0c813ccfe08""","""6918cd112e72901c68a01b83""",2026-01-19T22:06:26.824Z,0
"""696eab37c29dd0c813ccfe3d""","""696eab35c29dd0c813ccfe2c""","""6918cd112e72901c68a01b83""",2026-01-19T22:07:51.259Z,0
"""696eab4bc29dd0c813ccfe96""","""696eab49c29dd0c813ccfe85""","""6918cd112e72901c68a01b83""",2026-01-19T22:08:11.562Z,0
"""696eab53c29dd0c813ccfeaf""","""696eab51c29dd0c813ccfe9e""","""6918cd112e72901c68a01b83""",2026-01-19T22:08:19.045Z,0
"""696eab60c29dd0c813ccfee3""","""696eab5ec29dd0c813ccfed2""","""6918cd112e72901c68a01b83""",2026-01-19T22:08:32.746Z,0
"""696eab68c29dd0c813ccfefc""","""696eab66c29dd0c813ccfeeb""","""6918cd112e72901c68a01b83""",2026-01-19T22:08:40.168Z,0
"""696eab6fc29dd0c813ccff15""","""696eab6dc29dd0c813ccff04""","""6918cd112e72901c68a01b83""",2026-01-19T22:08:47.527Z,0
"""696eac1fc29dd0c813ccfff7""","""696eac1dc29dd0c813ccffe6""","""6918cd112e72901c68a01b83""",2026-01-19T22:11:43.490Z,0
"""696eac26c29dd0c813cd001d""","""696eac24c29dd0c813ccffff""","""6918cd112e72901c68a01b83""",2026-01-19T22:11:50.989Z,0
"""696eac2ec29dd0c813cd0040""","""696eac2cc29dd0c813cd002e""","""6918cd112e72901c68a01b83""",2026-01-19T22:11:58.935Z,0
"""696eac3ac29dd0c813cd0064""","""696eac38c29dd0c813cd0051""","""6918cd112e72901c68a01b83""",2026-01-19T22:12:10.279Z,0
"""696eac42c29dd0c813cd0094""","""696eac3fc29dd0c813cd006d""","""6918cd112e72901c68a01b83""",2026-01-19T22:12:18.066Z,0
"""696eac49c29dd0c813cd00ba""","""696eac47c29dd0c813cd00a9""","""6918cd112e72901c68a01b83""",2026-01-19T22:12:25.748Z,0
"""696eac51c29dd0c813cd00d4""","""696eac4fc29dd0c813cd00c2""","""6918cd112e72901c68a01b83""",2026-01-19T22:12:33.504Z,0
"""696eac5bc29dd0c813cd00fb""","""696eac59c29dd0c813cd00ea""","""6918cd112e72901c68a01b83""",2026-01-19T22:12:43.305Z,0
"""696eac62c29dd0c813cd0129""","""696eac60c29dd0c813cd0106""","""6918cd112e72901c68a01b83""",2026-01-19T22:12:50.955Z,0
"""696eaca2c29dd0c813cd015e""","""696eaca0c29dd0c813cd014c""","""6918cd112e72901c68a01b83""",2026-01-19T22:13:54.049Z,0
"""696eaca9c29dd0c813cd018c""","""696eaca7c29dd0c813cd016e""","""6918cd112e72901c68a01b83""",2026-01-19T22:14:01.611Z,0
"""696eacb1c29dd0c813cd01b2""","""696eacafc29dd0c813cd019f""","""6918cd112e72901c68a01b83""",2026-01-19T22:14:09.423Z,0
"""696eacb9c29dd0c813cd01d8""","""696eacb7c29dd0c813cd01c3""","""6918cd112e72901c68a01b83""",2026-01-19T22:14:17.101Z,0
"""696eacc0c29dd0c813cd0206""","""696eacbec29dd0c813cd01e4""","""6918cd112e72901c68a01b83""",2026-01-19T22:14:24.894Z,0
"""696eacc8c29dd0c813cd021f""","""696eacc6c29dd0c813cd020e""","""6918cd112e72901c68a01b83""",2026-01-19T22:14:32.327Z,0
"""696eacd0c29dd0c813cd0249""","""696eaccec29dd0c813cd0233""","""6918cd112e72901c68a01b83""",2026-01-19T22:14:40.049Z,0
"""696ead03c29dd0c813cd0279""","""696ead01c29dd0c813cd026c""","""696eacb5c29dd0c813cd01be""",2026-01-19T22:15:31.638Z,0
"""696ead0bc29dd0c813cd028a""","""696ead09c29dd0c813cd027d""","""696eacb5c29dd0c813cd01be""",2026-01-19T22:15:39.111Z,0
"""696ead12c29dd0c813cd02a3""","""696ead10c29dd0c813cd0296""","""696eacb5c29dd0c813cd01be""",2026-01-19T22:15:46.721Z,0
"""696ead1ac29dd0c813cd02b4""","""696ead18c29dd0c813cd02a7""","""696eacb5c29dd0c813cd01be""",2026-01-19T22:15:54.114Z,0
"""696ead21c29dd0c813cd02c8""","""696ead1fc29dd0c813cd02b8""","""696eacb5c29dd0c813cd01be""",2026-01-19T22:16:01.469Z,0
"""696ead29c29dd0c813cd030f""","""696ead27c29dd0c813cd02d1""","""696eacb5c29dd0c813cd01be""",2026-01-19T22:16:09.351Z,0
"""696ead31c29dd0c813cd033b""","""696ead2fc29dd0c813cd032e""","""696eacb5c29dd0c813cd01be""",2026-01-19T22:16:17.387Z,0
"""696ead38c29dd0c813cd035e""","""696ead36c29dd0c813cd033f""","""696eacb5c29dd0c813cd01be""",2026-01-19T22:16:24.854Z,0
"""696ead40c29dd0c813cd03c1""","""696ead3ec29dd0c813cd0396""","""696eacb5c29dd0c813cd01be""",2026-01-19T22:16:32.995Z,0
"""696ead48c29dd0c813cd03d2""","""696ead46c29dd0c813cd03c5""","""696eacb5c29dd0c813cd01be""",2026-01-19T22:16:40.332Z,0
"""696ead88c29dd0c813cd058d""","""696ead86c29dd0c813cd057b""","""696eacb5c29dd0c813cd01be""",2026-01-19T22:17:44.693Z,0
"""696ead91c29dd0c813cd05c8""","""696ead8fc29dd0c813cd05bb""","""696eacb5c29dd0c813cd01be""",2026-01-19T22:17:53.319Z,0
"""696ead98c29dd0c813cd05e5""","""696ead96c29dd0c813cd05d8""","""696eacb5c29dd0c813cd01be""",2026-01-19T22:18:00.879Z,0
"""696eada1c29dd0c813cd0601""","""696ead9fc29dd0c813cd05ee""","""696eacb5c29dd0c813cd01be""",2026-01-19T22:18:09.495Z,0
"""696eada9c29dd0c813cd0642""","""696eada7c29dd0c813cd0635""","""696eacb5c29dd0c813cd01be""",2026-01-19T22:18:17.737Z,0
"""696eadb1c29dd0c813cd0653""","""696eadafc29dd0c813cd0646""","""696eacb5c29dd0c813cd01be""",2026-01-19T22:18:25.164Z,0
"""696eadb8c29dd0c813cd0664""","""696eadb6c29dd0c813cd0657""","""696eacb5c29dd0c813cd01be""",2026-01-19T22:18:32.531Z,0
"""696eadbfc29dd0c813cd0678""","""696eadbdc29dd0c813cd0668""","""696eacb5c29dd0c813cd01be""",2026-01-19T22:18:39.860Z,0
"""696eadc5c29dd0c813cd0694""","""696eac15c29dd0c813ccffc7""","""6918cd112e72901c68a01b83""",2026-01-19T22:18:45.971Z,0
"""696eadc7c29dd0c813cd06a4""","""696eadc5c29dd0c813cd068a""","""696eacb5c29dd0c813cd01be""",2026-01-19T22:18:47.353Z,0
"""696eadcec29dd0c813cd06bc""","""696eadccc29dd0c813cd06af""","""696eacb5c29dd0c813cd01be""",2026-01-19T22:18:54.816Z,0
"""696eae32c29dd0c813cd074e""","""696eae30c29dd0c813cd0741""","""696eacb5c29dd0c813cd01be""",2026-01-19T22:20:34.100Z,0
