__v,_id,profileId,viewedAt,viewerId
"""693dd4e57e0030b3466b27fa""","""6922facff280a9da8de57cc8""","""6908cc60693037639c054dad""",2026-01-15T17:09:44.575Z,0
"""693dd54f7e0030b3466b28ca""","""6918cd112e72901c68a01b83""","""6918de9088db45809edd5c29""",2025-12-13T22:06:10.221Z,0
"""693dd7297e0030b3466b2afe""","""691a58d54209829e3092dc52""","""6908cc60693037639c054dad""",2025-12-13T21:22:54.729Z,0
"""693ddce47e0030b3466b2e15""","""6922facff280a9da8de57cc8""","""693dd7dd7e0030b3466b2b41""",2025-12-13T21:42:41.637Z,0
"""693dddcb7e0030b3466b2ea6""","""6918cd112e72901c68a01b83""","""693dd7dd7e0030b3466b2b41""",2025-12-13T21:42:35.272Z,0
"""693de0c67e0030b3466b2fa3""","""693de07d61cd05485e4f1d86""","""6908cc60693037639c054dad""",2025-12-14T22:14:25.118Z,0
"""693de1c87e0030b3466b3085""","""693de07d61cd05485e4f1d86""","""6918de9088db45809edd5c29""",2025-12-15T15:48:44.166Z,0
"""693de3c97e0030b3466b3249""","""693de07d61cd05485e4f1d86""","""6918cc662e72901c68a01b7a""",2025-12-13T22:08:09.651Z,0
"""693eb17e7944d440755480e3""","""6918cd112e72901c68a01b83""","""6908cc60693037639c054dad""",2025-12-14T12:45:50.320Z,0
"""6963f303a4759f683df85da7""","""6918cd112e72901c68a01b83""","""6963e8eda4759f683df85cbb""",2026-01-11T19:03:05.957Z,0
"""69650c45e1e57752226ac5a1""","""6963faf1a4759f683df85e07""","""6918de9088db45809edd5c29""",2026-01-12T14:59:18.151Z,0
