__v,_id,createdAt,email,isVerified,passwordHash,verificationToken,verificationTokenExpiry
"""6908cc60693037639c054dad""",admin@admin.com,$2a$12$Dt5u6uYXWhtZ2FnOJ.U09ujMUcm2Fh/3AdxaHRMlgVpdg0YyYlIkC,2025-11-03T15:38:08.886Z,0
"""6908ce390e7131af35a25872""",tonasamya@gmail.com,$2a$12$eCqViYyGCZKC0/4iSu6XWu2v1Px8lGe7aeUtEm3s3Cz2FfhVAeg.e,2025-11-03T15:46:01.338Z,0,106494257777039706356,true
"""6918cc662e72901c68a01b7a""",drew@starlit.you,$2a$12$oL6Xtf6YO7CPvEKBIzHhkeopgdn96m5PctQe3hkXKAcQR3lmRCg5e,2025-11-15T18:54:30.194Z,0
"""6918d11b88db45809edd5be7""",dreewcreew1440@gmail.com,$2a$12$JuuosUYsIpMxJTsjpXgYkeNKdmOqewPWxZEoixdlVeZzEgqXGFcqy,2025-11-15T19:14:35.344Z,0
"""6918dc4588db45809edd5c0b""",guest@guest.com,$2a$12$JkHWvN2H3OdKKxcx7JH3zueyyRf7WJAUywRP8pw.MdTz2u/IW5kTe,2025-11-15T20:02:13.560Z,0
"""6918dc6688db45809edd5c10""",atlasinminecraft@gmail.com,$2a$12$lCsKZjm354QmG4wkFKGnNe/lgf8OnKudFPVHFokPOkMCkte4bD4eW,2025-11-15T20:02:46.369Z,0
"""6918ddca88db45809edd5c1b""",admin@gmail.com,$2a$12$YaYoKnfVhF/B.yxFFZOk9e.aeOnOxFUx/YOI7/R7yus11FOAXamIu,2025-11-15T20:08:42.056Z,0
"""6918de9088db45809edd5c29""",realice@starlit.you,$2a$12$5kyir.7bm260ku2ncccU4.QdDD5tMH/L/H9Gs2oESYJlfZTzJ8DpC,2025-11-15T20:12:00.499Z,0,false,6e554a32-10c0-4e88-b883-f477a465d245,2026-01-20T22:36:25.878Z
"""6918e08c88db45809edd5c45""",jisanddnasdn@sjanjs.com,$2a$12$sA8LoohoSSJRFjn0MzQ5ZOWMLDN0wL6XDnD10VgyslTWifyNiM42e,2025-11-15T20:20:28.495Z,0
"""6918e1e988db45809edd5c4f""",xvbsbdhasbd@hjjkasdnsd.com,$2a$12$bmRI2b/tEhuvBIIztpBjoutYXnQbnRjzsXmDiH.V1eLJgM7mylU32,2025-11-15T20:26:17.444Z,0
"""6918e2ec88db45809edd5c59""",hiadnsjdnskj@dhsjandsmd.com,$2a$12$u4tIWrmlPFv5Z.Wo4TGKoe3Pd1x2zu78rlNIfEIVYBv.vRmgRBzG.,2025-11-15T20:30:36.564Z,0
"""6918ef4788db45809edd5c69""",a@gmail.com,$2a$12$Xmt2LrXMeg/X2sVbH2qw2.hchULLJQ33fqgRgoQZ1xB8PnGUhku8C,2025-11-15T21:23:19.220Z,0
"""6918f76988db45809edd5c83""",sdnjasndasjdn@jnjsandsakjd.com,$2a$12$MshdYHb8yIL8ZC7KwAl1U.zz22Znndgk27nlkdlrtJBRT78AB5JVe,2025-11-15T21:58:01.683Z,0
"""691a56de4209829e3092dc4f""",leemo@starlit.you,$2a$12$5kyir.7bm260ku2ncccU4.QdDD5tMH/L/H9Gs2oESYJlfZTzJ8DpC,2025-11-03T15:38:08.886Z,0
"""691b4d469248d67787a572ed""",sjaisaksk@gmask.com,$2a$12$jCibfXr3UCs7HcZO45UGmev7uigh7V40Nst7iCyIPCmZyy.ugOCkW,2025-11-17T16:28:54.172Z,0
"""691b4f5b179f661db4143965""",sajdksa@fndjka.cjk,$2a$12$iEIujOqafJxf88TTmEZr7e2/S1FnkR3PNLmUsSXz8v5/pJ/aUqijS,2025-11-17T16:37:47.322Z,0
"""691b8a9d4940440b6ce594f0""",asas@nahbru.com,$2a$12$MCNdKxZ8NTNWtwDwFC8DLepETF4FjchbTwYOO0YCMIdTIKnhWMtkS,2025-11-17T20:50:37.740Z,0
"""691cd0d8a110fe6d1d7405c3""",fivehunvhvgvdredciggarettes@nahbru.com,$2a$12$xT/8.zyNzhwgogz7uGoMgObUw6ZbIvwMIcy/0wKF/y3et6lq8ZUqq,2025-11-18T20:02:32.226Z,0
"""691e028d0c01f674350b3f0f""",fdsdsdsdiggarettes@nahbru.com,$2a$12$r9wdNYL.Nwhubzu3V2LDH.598QoiUnKzPdcyeT9JN5UM1/gtiR2PG,2025-11-19T17:46:53.931Z,0
"""693dd7dd7e0030b3466b2b41""",sonarthesubmarine@gmail.com,$2a$12$miLr7.ZGxqTPRCrhoQA0peovTByDWUwPCz.zYwc9OpR.FpOGpElw6,2025-12-13T21:17:17.251Z,0
"""6963e7c4a4759f683df85c4d""",test@starlit.bio,$2a$12$L3w8364VvciLjG49AunSo.THAgYK1mf5LlU0eQsganztxYR.WbJ4W,2026-01-11T18:11:16.005Z,0
"""6963e8eda4759f683df85cbb""",colin@starlit.bio,$2a$12$ELcfw.YZuYWN74380pLBF.UKfP25tfQxJmyaq14.RXYk71ZgFaA5W,2026-01-11T18:16:13.778Z,0
"""6963f9f4a4759f683df85dce""",elving574@gmail.com,$2a$12$GOz5/QuTeJfjgw5SdOsylOeRfhPArFGIZH/3YjubYYy.NtNz0vavq,2026-01-11T19:28:52.705Z,0
"""696b512780ce7c8c9f1c8f4a""",sharkzyrblx@gmail.com,$2a$12$Yn7FbheDIuL8DtLD3j7smuNAiMf4A5Lg/tB7twJpOjxCPoXoccZ2O,2026-01-17T09:06:47.182Z,0
"""696c4d783a25cd77b5f96076""",nigger@gmail.com,$2a$12$86bCytKC0OB1xsjSQtHmg.UBCEh6i1oJoTrLD0eXHTOs42YwPl64W,2026-01-18T03:03:20.504Z,0
"""696c4df03a25cd77b5f960de""",drew@starlit.bio,$2a$12$E80.qWwLeCyT6OWeyYeYZee61TPtgiNiFEUP5xCq0rnLuQIpjuwx2,2026-01-18T03:05:20.493Z,0
"""696e340506df1d1df8fa2e1b""",andrwfov@gmail.com,$2a$12$LqdGAcWtCZmEzljErwgKP.G2TFtJzsbb8lELrJn5zKiF4rmUsOnYa,2026-01-19T13:39:17.732Z,0
"""696e38da06df1d1df8fa2feb""",begot@slave.farm,$2a$12$/oG8q3RkiXi1wROZfKIMaOqRG.uksyqK/8596oVF2ywIf3wsIf28K,2026-01-19T13:59:54.313Z,0
"""696e5c6d06df1d1df8fa312c""",bestgamerob@gmail.com,$2a$12$o9c6.dmvx2k4cbF4cK.MJe.q9poFANnxry5a.IYpt0aSQ/FBXDkXq,2026-01-19T16:31:41.029Z,0
"""696ea3b0c29dd0c813ccf147""",joyclens@proton.me,$2a$12$f0wQ4ihvh2gWFrSzDg9U7OsoGn4CgGUeJH9AHhtPFTUUtM7J5wzeu,2026-01-19T21:35:44.740Z,0
"""696ea3bfc29dd0c813ccf18c""",joyclens@1.me,$2a$12$OQRAkM3mAf6FpCK82X0Bbu1PS/jB9fNUhRErYWwPYwI18k0MezEeq,2026-01-19T21:35:59.271Z,0
"""696ea413c29dd0c813ccf1a3""",a@joyclen.ws,$2a$12$RcYxonLNa1q/tNP4Xu7j5uxS6RYbxN0zYI54H6dYMXoIUhETKig56,2026-01-19T21:37:23.039Z,0
"""696ea5f4c29dd0c813ccf491""",b@joyclen.ws,$2a$12$XUvM9l16nEf/zNpPKJVH9uo92vqVh46XPeXMqqIeASikxcmdAP5ke,2026-01-19T21:45:24.621Z,0
"""696ea687c29dd0c813ccf506""",mjkonrnvjnk@joyclen.ws,$2a$12$sH.1yQWUR.T9N0/zfNLIbeLPw.U/BdY6BxN9puMcqGaJf3UzX5V9O,2026-01-19T21:47:51.468Z,0
"""696ea694c29dd0c813ccf527""",izhtkzjb@joyclen.ws,$2a$12$VBDJTng4kc31/UhQgnJN5.1LY7R3NavYH2We1xA2Pfl5i4PEB.h9q,2026-01-19T21:48:04.996Z,0
"""696ea69dc29dd0c813ccf551""",mfpcxrmxjrn@joyclen.ws,$2a$12$X3rLKEhtiPK3qzNLW1vw0ehhbkDgrfgTRpKf91/ugeU.pbYzr4H3K,2026-01-19T21:48:13.675Z,0
"""696ea6a8c29dd0c813ccf57f""",ugjkrwidlomr@joyclen.ws,$2a$12$osX5cGq5zirEm8bP7JRiZ.9bKBCC4chgsyTh.J9i6MFcNsXYtMCQO,2026-01-19T21:48:24.088Z,0
"""696ea6b4c29dd0c813ccf5ba""",fnvlu@joyclen.ws,$2a$12$pYDNbJMs2xkEeEOb8pYiweUATS1KrlyvBxfYjVy7Zrkmxzx7Bjjf.,2026-01-19T21:48:36.399Z,0
"""696ea6bdc29dd0c813ccf5c3""",ykqss@joyclen.ws,$2a$12$BNnoacWIXwYyreGgvizjtO6udM/4.5e2xoAVn4vxjUgD.rFHPV95u,2026-01-19T21:48:45.488Z,0
"""696ea75fc29dd0c813ccf693""",mrlyn@joyclen.ws,$2a$12$yOoAoK50xeMhJoHNh.pleOmwoaTbCnmkpWRVT.HcIpeY8KUzQVSde,2026-01-19T21:51:27.631Z,0
"""696ea761c29dd0c813ccf69a""",jalmrxybc@joyclen.ws,$2a$12$UrTdMRNtw6AuttVxGdQzo.RU0UbzxmGVuIcuxl.yKaccT2DIW8IYi,2026-01-19T21:51:29.515Z,0
"""696ea762c29dd0c813ccf69f""",awpeyjsmweml@joyclen.ws,$2a$12$oeVds5uwCZOOxAzfY3cqGOz28Fvk.jajcs.Taebd6sZ0z2Mqnw0aC,2026-01-19T21:51:30.225Z,0
"""696ea762c29dd0c813ccf6a1""",vlvgikcnckj@joyclen.ws,$2a$12$rb.h2ZabzNOz9fg5xspmNupttJNwARNwxdWHSE5BECcnNL8BTl1fq,2026-01-19T21:51:30.236Z,0
"""696ea762c29dd0c813ccf6a7""",vofgcxauuj@joyclen.ws,$2a$12$GzuigV5OhdC4YcbbHa7YMuPrqS.u93YZBTCjYkG.OnJZsduqVw4Pi,2026-01-19T21:51:30.835Z,0
"""696ea763c29dd0c813ccf6ab""",dfpmy@joyclen.ws,$2a$12$oc9IhYpFBndG0E/THvzuW.vU4WNGPDJkE10vxaW8zmpCw4y1VvYCi,2026-01-19T21:51:31.342Z,0
"""696ea763c29dd0c813ccf6b1""",nhwtpm@joyclen.ws,$2a$12$GicUQwF5kh.8mTSCQCobF.ynepL0ziTarUPlQJ6yOGXbjysqmSciW,2026-01-19T21:51:31.742Z,0
"""696ea764c29dd0c813ccf6b5""",obzbksjjlq@joyclen.ws,$2a$12$7POC0Nz/UBBfCLm2lheFkOnMz.9gii93b0ZMIdhUOWcxBvhfRWHI2,2026-01-19T21:51:32.016Z,0
"""696ea764c29dd0c813ccf6b7""",pyzdr@joyclen.ws,$2a$12$nAHqvIHfA.ahLTLYyUsmnuZazzf1gF9xR2lF9RqIsw7ohDEPLTMmy,2026-01-19T21:51:32.152Z,0
"""696ea764c29dd0c813ccf6bb""",dxnhjqyjfla@joyclen.ws,$2a$12$HSYdKQ0S9/eDT9/TS7DiUOBjDycy3uEUc2pusIxr3vZRpWoCCkBXi,2026-01-19T21:51:32.226Z,0
"""696ea7a0c29dd0c813ccf72d""",daraagce@joyclen.ws,$2a$12$W3STf9wCp.Fw7SsR1URyNOMNGwmRBhq.4XyJHXJbT2QHrbNVoj5Qq,2026-01-19T21:52:32.104Z,0
"""696ea7dac29dd0c813ccf740""",hyuprxireg@joyclen.ws,$2a$12$rNg6OFbWGRPgNx6W17iS/uRTmI66Thfs2z5V.OYUziAyAlxENN726,2026-01-19T21:53:30.903Z,0
"""696ea7e3c29dd0c813ccf766""",gbdhddzk@joyclen.ws,$2a$12$m4S1rxGuHnfywKJZjECYXei0z517rNKdVr7d8UNymC98FVaAUPuJy,2026-01-19T21:53:39.456Z,0
"""696ea7ecc29dd0c813ccf7a4""",qqekshlvmus@joyclen.ws,$2a$12$lhMfRXoCEUCT6iuMcJJ0nO7QoXz/igkpPkCvIrIv0b/CJW8unU27q,2026-01-19T21:53:48.067Z,0
"""696ea7f4c29dd0c813ccf7cc""",pywxgxc@joyclen.ws,$2a$12$MCvUzDngCy2OHdUqBT1jE.prgFDznCrSYDylkmuwQ/nTzueNMvm4S,2026-01-19T21:53:56.597Z,0
"""696ea7fdc29dd0c813ccf7e9""",qdymv@joyclen.ws,$2a$12$Vcfa6e.ciswJUY8VwOBe/.fnwFl5./J3EfFvTt9sVW2p.g2C83yVa,2026-01-19T21:54:05.063Z,0
"""696ea803c29dd0c813ccf7f7""",jhgijwuyil@joyclen.ws,$2a$12$eFmET08u0C.hQ2i6GxWzNOaWQ.6lv.IRAltanWNkc4VicLU32vhEW,2026-01-19T21:54:11.813Z,0
"""696ea8bdc29dd0c813ccf8ef""",rawpiyf@joyclen.ws,$2a$12$ikTPPM/ZpTdJdAL6NrrUhetsEPQrKHU0pWJdeNmDhdmYGh9Uk6UXm,2026-01-19T21:57:17.765Z,0
"""696ea8bdc29dd0c813ccf8f1""",dsrvfxj@joyclen.ws,$2a$12$OIVEV3SsSpsrssczlst..OPhFlG/Uw3lA23xabfQ5tsD4yVopdsbi,2026-01-19T21:57:17.777Z,0
"""696ea8bdc29dd0c813ccf8f3""",rtyulsskmtpf@joyclen.ws,$2a$12$qI56l4zYFtlR/1ynqWl0M.9IhrGLkfBci8QtstgO34NXEd.DeRhAG,2026-01-19T21:57:17.787Z,0
"""696ea8bec29dd0c813ccf8fb""",ytzfjyubdcp@joyclen.ws,$2a$12$2d2PybSSpL7CS3t3aEEiLuq64uLSdUqjSFWNg7r2oRSrf/H8hrf8K,2026-01-19T21:57:18.291Z,0
"""696ea8bec29dd0c813ccf8fd""",wodhnlfskqxs@joyclen.ws,$2a$12$r/fEVPS85HOM1hIEIU2.Mu3MiCGj9Vp4aGl0fzu48x2hpM7FCnz6a,2026-01-19T21:57:18.301Z,0
"""696ea8bec29dd0c813ccf8ff""",emvgnsvjwcrb@joyclen.ws,$2a$12$2kMQ8ErN3vaQxqefHqLHVu6KeJbPhVrkvc59mCOX/v/m4eUTxR2FK,2026-01-19T21:57:18.310Z,0
"""696ea8bec29dd0c813ccf901""",uhgrbsms@joyclen.ws,$2a$12$och7UrJ4Vag3Gkr8UtSiLuutrF6EGBHm1EqYBoEfwY2mR99yJGC92,2026-01-19T21:57:18.319Z,0
"""696ea8bec29dd0c813ccf903""",ptgadtytxr@joyclen.ws,$2a$12$O4ZjFlJFrUEyeqnXagUMvOGNVipsndbSCv65jlT0tGgaTT5pabUw.,2026-01-19T21:57:18.328Z,0
"""696ea8bec29dd0c813ccf911""",mcwfairym@joyclen.ws,$2a$12$18UxfXDdBAB0oNUmrppLVeYyb61/6gbIc43VNuKzdf5zlgmXTdvXq,2026-01-19T21:57:18.701Z,0
"""696ea8bec29dd0c813ccf905""",vjinpnapajz@joyclen.ws,$2a$12$DyP3pTgpFIXetfDH8dFp3uULleWBvq.i5gkF1jfhr.vqpkdg7plQK,2026-01-19T21:57:18.338Z,0
"""696ea902c29dd0c813ccf9b9""",lsckihmvrgpt@joyclen.ws,$2a$12$pjXouQThzf5LXxX9QZ0g1eTJ4DiVXexRRaqlATfUfqF02m3oaWMbq,2026-01-19T21:58:26.973Z,0
"""696ea903c29dd0c813ccf9be""",lbledialdzmd@joyclen.ws,$2a$12$C.8yZDmb8cWU09HWl6jel.wXbZ/4F1.y0Mjit0.cp0xhzL4nnMih.,2026-01-19T21:58:27.540Z,0
"""696ea903c29dd0c813ccf9c0""",lewvhppvqot@joyclen.ws,$2a$12$uothpY43nsCaX0l49AG9ue.0Ch9p9.oqSkYzLcZiNs0qEAudrLDkS,2026-01-19T21:58:27.550Z,0
"""696ea903c29dd0c813ccf9c2""",gabsirirom@joyclen.ws,$2a$12$WtVTBNd9BNedz2e4KNEyvuUBpCfXNLxlXBPn3Y4AdZTZ4HTzgHAhG,2026-01-19T21:58:27.559Z,0
"""696ea903c29dd0c813ccf9c4""",kbhvmsrtkinm@joyclen.ws,$2a$12$3tMn2zKrDGyxC09//iBVUeU3SEkraalVi0A6M9OOESk7829mTnE3y,2026-01-19T21:58:27.569Z,0
"""696ea903c29dd0c813ccf9c6""",abfamchx@joyclen.ws,$2a$12$7h3cFmi2/nlSaO3wySobneFoEkr166e34uPhHjq0R2bdbYXGL1pBe,2026-01-19T21:58:27.581Z,0
"""696ea903c29dd0c813ccf9d3""",rhcpfvr@joyclen.ws,$2a$12$6IC2fSB3FvZdRsEflv2b8.XEE954cw4Bt4.AFhVAwOFPtnwUkMUfS,2026-01-19T21:58:27.869Z,0
"""696ea903c29dd0c813ccf9d5""",rgwoksc@joyclen.ws,$2a$12$qE.d0JVZo5/RvkS/NDxSrusVsT8sCco.ddVYeu/yI02Z/GarYDFBu,2026-01-19T21:58:27.881Z,0
"""696ea903c29dd0c813ccf9d7""",qjvxnslve@joyclen.ws,$2a$12$qTO7pFBk/BCkJRi1EYOCiOiNotfRqkh7jsIPNC6JiOQn8PEfxeXsa,2026-01-19T21:58:27.890Z,0
"""696ea904c29dd0c813ccf9ec""",raymkc@joyclen.ws,$2a$12$JdRF4hiwozMcELsvDDvjpOMkOsSDHuR8TK8GHsLhzp/qLlKaBI2aq,2026-01-19T21:58:28.740Z,0
"""696ea91cc29dd0c813ccfa23""",hey@joyclen.ws,$2a$12$4C9VBUBWUiB/NU1jAuJVquYURwm.2PzxZcOuyWzRJsxiWJ9h.73Am,2026-01-19T21:58:52.444Z,0
"""696ea941c29dd0c813ccfa3d""",vqfmfuyt@joyclen.ws,$2a$12$VvAELMWh8AkBXWOWTjzHa.p7xO1YqQTWhAMCNMAgtnnchxHEO88i.,2026-01-19T21:59:29.035Z,0
"""696ea972c29dd0c813ccfaa9""",uiezfuvqjm@joyclen.ws,$2a$12$jxeQoVS7OUJeQilu2tSWcOJlE1h4peod0fxc5GmReuJh9v3Y870UO,2026-01-19T22:00:18.764Z,0
"""696ea979c29dd0c813ccfac1""",vudnxycqta@joyclen.ws,$2a$12$nA4kqK60UV8KYE8o3gc/zeZj0xqV2IP6EFa3UC97vG8dJPR6PK/L6,2026-01-19T22:00:25.879Z,0
"""696ea981c29dd0c813ccfaf4""",wnonpo@joyclen.ws,$2a$12$nGClWNNmxSooyOU7a1K8XepkXEJEShVgK/vO8WDRgU/E1dmpsf.HG,2026-01-19T22:00:33.229Z,0
"""696ea988c29dd0c813ccfb2b""",hiupovw@joyclen.ws,$2a$12$2YuWkYLfeCrzfjyGNp0rx.Z/I5lcAOornUiTPoykIYazm7vseGUWy,2026-01-19T22:00:40.885Z,0
"""696ea9efc29dd0c813ccfb8a""",udiyylqem@idf.il,$2a$12$16aT6UHwvCw1ZAwLPuI/7O3vCoJW9XfvnQ65ztqeDvZ92R14/TDn.,2026-01-19T22:02:23.923Z,0
"""696ea9f3c29dd0c813ccfb91""",ltfyyhgcxsg@idf.il,$2a$12$bevFAnRJNHZv187V1Q2Pgu8YZC7bJfH4icXPEbqUc2SNfu1fVz1XS,2026-01-19T22:02:27.737Z,0
"""696ea9f3c29dd0c813ccfb93""",mnsxbolvyxof@idf.il,$2a$12$K3EkYIyhrzRXon9Y2yRt9e4.weufZngJRex3uZKHLW85U4xuh40Um,2026-01-19T22:02:27.747Z,0
"""696ea9f3c29dd0c813ccfb95""",wkqypibum@idf.il,$2a$12$TmXhlrn6uGjWauS65Pcwtu/cRFKoIB0BjzhYWwAbKifsjtFIPc4Cy,2026-01-19T22:02:27.756Z,0
"""696ea9f5c29dd0c813ccfb9e""",hzgklrzd@idf.il,$2a$12$drrjxJvbtOfMK4xAYxLfUuWZIu1dqowkir1BbvmIA2Myb4HIkVzZS,2026-01-19T22:02:29.332Z,0
"""696ea9f5c29dd0c813ccfba0""",qgfaroq@idf.il,$2a$12$pVRVDqyCAv/tP03/MeKE3eeItvc6w3VGQBl0YIEflPadOD9Hudx0i,2026-01-19T22:02:29.341Z,0
"""696ea9f6c29dd0c813ccfba7""",ufhys@idf.il,$2a$12$F2sjBbYQPaEOSh.HFpEaiujnrs5xiOJYe.5DoLFJl0Zv9cR6DU6Ea,2026-01-19T22:02:30.764Z,0
"""696ea9f6c29dd0c813ccfba9""",ygaxoceaap@idf.il,$2a$12$6HdH4Wmt6Xr2nmOlCmpYG.l4QFa7uLbxWGJE6.JXz7W2932.X1a3i,2026-01-19T22:02:30.773Z,0
"""696ea9f8c29dd0c813ccfbba""",mzkphtzdi@idf.il,$2a$12$OgWdk/k731yYlsgsSh8nEO3oNpJd.wEc/IgSajl/4oYpjWYNC3tam,2026-01-19T22:02:32.210Z,0
"""696ea9f9c29dd0c813ccfbc0""",gjfonssn@idf.il,$2a$12$gJUCxlWZRW4rSnWEk8O8euV62hmVy6kWfRu1bVtViJGT1.oUSgPl6,2026-01-19T22:02:33.426Z,0
"""696ea9fbc29dd0c813ccfbca""",ptzyuwec@idf.il,$2a$12$9VqSmudZLzLalYcQKtQT4O/Ls2cPhsajCp1/ibE56EMVz.GdZ1qdW,2026-01-19T22:02:35.470Z,0
"""696ea9fbc29dd0c813ccfbcc""",jemxun@idf.il,$2a$12$v.7ea3aMlONSUGi.HIcoAuZ3y3jI7lK6cdP9mEj82ShgcdNt68KxK,2026-01-19T22:02:35.480Z,0
"""696ea9fcc29dd0c813ccfbdd""",ozjwzscp@idf.il,$2a$12$tO6dLuF6hLdkun2jZa5HqO3hRW35SiZpSRH8NRLxLmkzaVouWth6S,2026-01-19T22:02:36.470Z,0
"""696ea9fdc29dd0c813ccfbe1""",baseva@idf.il,$2a$12$vCWPDITH0Ufz3QtsjTAJ/.dUuC5vIq2mXQDkIf1ZqWKMpirsqf4Iy,2026-01-19T22:02:37.255Z,0
"""696ea9fdc29dd0c813ccfbe5""",mcocxqmrbeb@idf.il,$2a$12$6jTzxwaU4EuJWdYTWFuAlOi8Hq757Ztm6ynMJKacyT0YSh4sGs8jO,2026-01-19T22:02:37.876Z,0
"""696eaa07c29dd0c813ccfbea""",pchrnvv@idf.il,$2a$12$rRgj/deFjy.uDT5iamm/KO45XpgcX.WSUe3Vupeek1tSUAHepmTSO,2026-01-19T22:02:47.984Z,0
"""696eaa08c29dd0c813ccfbee""",snhirllhgph@idf.il,$2a$12$shZs5XFvulUVP26ZvbFW2u6i7w9wj5L3QZOV5XI/ysngUocVugHmu,2026-01-19T22:02:48.480Z,0
"""696eaa08c29dd0c813ccfbf2""",ygdrwe@idf.il,$2a$12$hwahEQYzClPfltRXadnLWuho97Llgg1NN4ERMMCrgvE3O/oxRNuRS,2026-01-19T22:02:48.884Z,0
"""696eaa09c29dd0c813ccfbf6""",jdkozf@idf.il,$2a$12$ebe8zlTvRu2S8SdOwAyV/eBZw2FrshWO.wX9ZDgdIeYoPuGw/JEiC,2026-01-19T22:02:49.172Z,0
"""696eaa09c29dd0c813ccfbf8""",zviknsjbzz@idf.il,$2a$12$7BoYtT5NnvX56gwBPx6AJujGK2bXJOFxLdpPqsOwpEUaHcvJNQQv2,2026-01-19T22:02:49.327Z,0
"""696eaa0dc29dd0c813ccfc02""",coxzes@idf.il,$2a$12$u.Tra7RNTyVicwYDWC2nzuHVLtoTkhavPmw3kqJqowfpzNB6ew8lW,2026-01-19T22:02:53.387Z,0
"""696eaa13c29dd0c813ccfc1e""",lmolm@idf.il,$2a$12$0PpFZTG.W5oi6Jz902WOpeXYldBnWoiqC13YAS7USZkqWvjgaDJJK,2026-01-19T22:02:59.986Z,0
"""696eaa1ac29dd0c813ccfc2c""",fhtdic@idf.il,$2a$12$It/3qiAG0I/iP/n.kpAbUeGnI7lULbMv019atM6Md/e1UV237F5V6,2026-01-19T22:03:06.358Z,0
"""696eaa21c29dd0c813ccfc43""",kcyzaalgerw@idf.il,$2a$12$/HDNfZ6dSKyp6G8.OUS0OOtbtaLdiVmccNTGUFDN29ISiZ1Y8py5.,2026-01-19T22:03:13.048Z,0
"""696eaa27c29dd0c813ccfc4e""",tsfilxwj@idf.il,$2a$12$DTCbzcm7wvx9fz4WI7i5Fus1YAiln52RBCGBBfAg5Rqji/xaKdw1C,2026-01-19T22:03:19.346Z,0
"""696eaa2ec29dd0c813ccfc74""",gefuqf@idf.il,$2a$12$KxkfE.sqbT3Wbxfq1n1Xb.sqnJ6cNc2v6JOxys3GSo3JbO5lnK8bq,2026-01-19T22:03:26.167Z,0
"""696eaa34c29dd0c813ccfc95""",lyugaim@idf.il,$2a$12$8XjwHkbx29Bbn.teTRHyDeL/YTuhPDp8QyIjit23ZWpEsBjux.Mdy,2026-01-19T22:03:32.606Z,0
"""696eaa3ac29dd0c813ccfca0""",jzkwfqy@idf.il,$2a$12$m5KKfpKWH7jzJpH7/Kl26e7SgcMXrDeesslLkFnQ28r//sc3LM5eu,2026-01-19T22:03:38.898Z,0
"""696eaa41c29dd0c813ccfcab""",auzdstgiwp@idf.il,$2a$12$iptA5fypi.dpDGEFY01zk.zxK98GsmNs5p8G15kHNhl4sFhl/EL66,2026-01-19T22:03:45.178Z,0
"""696eaa48c29dd0c813ccfcce""",ittnswq@idf.il,$2a$12$fN5rGcL6jtVf0r3AwdggoO.abRhFLRNeGXUwXyuRoQZNvWPy7ckDO,2026-01-19T22:03:52.024Z,0
"""696eaaacc29dd0c813ccfd06""",jsqmwicvtmu@idf.il,$2a$12$37S2FVIxoV70S3/fFcJUQu3YO77W8746R14S3I6VS8.Wmc3BouGIG,2026-01-19T22:05:32.046Z,0
"""696eaab3c29dd0c813ccfd1f""",odlxsuzy@idf.il,$2a$12$.4yOHs4dYpFAJPteY8/3Y.m3mLpdLRc/Gczq0EDNVghr.Xt3uXlWm,2026-01-19T22:05:39.556Z,0
"""696eaabac29dd0c813ccfd38""",zjfufl@idf.il,$2a$12$68jnrejNdBO/5NDx2Si6De5GkBcbXkSaRh7RutLr5RH5zk9DPmwa6,2026-01-19T22:05:46.939Z,0
"""696eaac0c29dd0c813ccfd49""",vmlttamawbq@idf.il,$2a$12$/cAXXQ1gdnb1e4TPS/L8fuy74eZfpVc/vyIvqbHQQjHFsn8cdDfpC,2026-01-19T22:05:52.971Z,0
"""696eaac8c29dd0c813ccfd79""",pyehqwl@idf.il,$2a$12$qis5gCwmhykLN1uoA9lw7enqP.vLVAW1WQdgPzVnBep3c0TsMJV6a,2026-01-19T22:06:00.783Z,0
"""696eaad0c29dd0c813ccfda4""",nhiwxvf@idf.il,$2a$12$3wBrlCGpcfWzyV0wJZDllO1IAyIChluxGohWixR2OTmf7gq7X0N42,2026-01-19T22:06:08.820Z,0
"""696eaad9c29dd0c813ccfde3""",eusstixsl@idf.il,$2a$12$Cxx1upAxNoYt96811qHJ0.8dSks7B.8fra/TLbHQl4ocookUpLjY6,2026-01-19T22:06:17.327Z,0
"""696eaae0c29dd0c813ccfe08""",smucw@idf.il,$2a$12$ljes8oJWaQqsbbILuc9V6eUbWr8VYvVuR4pooBCHG1SzK9pMZSK4O,2026-01-19T22:06:24.886Z,0
"""696eaae8c29dd0c813ccfe21""",dajfvzoopyw@idf.il,$2a$12$oLtxkvfzvRJvSbBkdZ1aNeIfGjxpcQjWYjsS5JeXoAOl.uAuOE9fO,2026-01-19T22:06:32.294Z,0
"""696eaaeec29dd0c813ccfe27""",mifjfghszsmq@idf.il,$2a$12$Eaa4z6rntDd2CgTnD708yO4oQx2n1afcc4A/tQJ3zs93NcvVBGd/e,2026-01-19T22:06:38.132Z,0
"""696eab35c29dd0c813ccfe2c""",xroafrfjgsdv@france.fr,$2a$12$QnifnZdWOwa1/ZECmGz3yuRc/17ssp5MU8jjvO571P.x8gzzQctTS,2026-01-19T22:07:49.258Z,0
"""696eab3dc29dd0c813ccfe5a""",aunneixybv@france.fr,$2a$12$1lKkbTswrYydLrhCD06ctO04hf9Jsil.DDGB4Eoc30Vdf.D.OYjYC,2026-01-19T22:07:57.417Z,0
"""696eab43c29dd0c813ccfe69""",lojzmo@france.fr,$2a$12$RaQkPPEGLbgIUVzkU3SknOiTnbbMwJSle2nIS.fgtext.EwJc8nuS,2026-01-19T22:08:03.437Z,0
"""696eab49c29dd0c813ccfe85""",ckjoctllvp@france.fr,$2a$12$WGUkGs0HvFfPxfOAzWttB.ieS0v7i46cVEp3Tjo4v8YddvkRIE3yK,2026-01-19T22:08:09.620Z,0
"""696eab51c29dd0c813ccfe9e""",waxtkomvac@france.fr,$2a$12$Nz0PqyWnqVTnXPEdx/KbE.t5ooQncEaEXAC2kZGlKdmYaNFD/ni56,2026-01-19T22:08:17.028Z,0
"""696eab58c29dd0c813ccfeb8""",zuariwwoetc@france.fr,$2a$12$JNv2ReLqriylpI2aoQL36OjrA8f9W04o1fk22JslhHZ4LkdQo9D.O,2026-01-19T22:08:24.516Z,0
"""696eab5ec29dd0c813ccfed2""",ppzufhklbv@france.fr,$2a$12$SVvQD7sTComqRf2TC4hAuOotPQpVCzijMRyQQpXHcrzhQeRrAuRyq,2026-01-19T22:08:30.756Z,0
"""696eab66c29dd0c813ccfeeb""",zrops@france.fr,$2a$12$MvGDQSTiQzLFlZvi7Bse2OZgif9HafMdtuvFDMj0Gb12d84undcOK,2026-01-19T22:08:38.180Z,0
"""696eab6dc29dd0c813ccff04""",ujgqwxnl@france.fr,$2a$12$X8v7vJRCj3k7bjdCEhJDa.n6fYG3xruLyrPl00EJLiSt28W5Lh6Ha,2026-01-19T22:08:45.588Z,0
"""696eab74c29dd0c813ccff1d""",wlzckdedxe@france.fr,$2a$12$jOtohs73Kp2m/tUhSK4d9esaE7zj38Akg5im4zm1yA6ekzYgXBKCm,2026-01-19T22:08:52.963Z,0
"""696eac09c29dd0c813ccff9d""",asevw@france.fr,$2a$12$hH5mrVbQe0aMnXTqIbLWEeULqzCLF6C2Z8.P1UWWoTzimWPOyxYK.,2026-01-19T22:11:21.421Z,0
"""696eac09c29dd0c813ccff9f""",rgdwu@france.fr,$2a$12$crhaUV8C7OZ5unk1kvQsNOK2ZnbJQtvwZYT0xHH1X2nQZiuGmexxK,2026-01-19T22:11:21.434Z,0
"""696eac09c29dd0c813ccffa1""",enbgt@france.fr,$2a$12$6qQjIrcXBWDwpr8FzjRFueY83XndzPiEXXVt2tBxZvZ6sYmgbCqf2,2026-01-19T22:11:21.446Z,0
"""696eac09c29dd0c813ccffa3""",llszlmokuxq@france.fr,$2a$12$chLQbjjY2fdzUA2yxOJkiuwKhXjz6Lj88jY4xsVfAXnQ0h3PwDo4q,2026-01-19T22:11:21.455Z,0
"""696eac09c29dd0c813ccffa5""",uwpvhnwnq@france.fr,$2a$12$jUOuvym7AmWFQmEwflwlR.c4yqLaVbNan/sdPJ6cd5xshQBqOReMG,2026-01-19T22:11:21.464Z,0
"""696eac09c29dd0c813ccffa7""",jjwtjlh@france.fr,$2a$12$9Pw1CSKdoF01pErsBqKOBerb4SC0zV6xz.5XointhMh0zgBzCQoeW,2026-01-19T22:11:21.473Z,0
"""696eac09c29dd0c813ccffa9""",siztkx@france.fr,$2a$12$UWqXTuzmS2Z.jy5pM4uT6.tHj2TopHy2XCEl1qMxAo/1tLLg6sZp.,2026-01-19T22:11:21.481Z,0
"""696eac09c29dd0c813ccffab""",baobkxqleum@france.fr,$2a$12$KZi0ETgsmxwAjnHqzBiKV.bNfhi8VyzAODTrpRxL7VOFUB49c4pTC,2026-01-19T22:11:21.490Z,0
"""696eac09c29dd0c813ccffad""",dwjekocbbsut@france.fr,$2a$12$YnKOnqrhvZU5jAzGdYfzKeFLkW8Oh3JH3eSU/l0fBT5Wypg0.y80G,2026-01-19T22:11:21.499Z,0
"""696eac09c29dd0c813ccffaf""",iociskb@france.fr,$2a$12$s495Hm7i1uo.WMs53UuVV.DwJxrtWi72btixNwfKra2O4B5GY0cgu,2026-01-19T22:11:21.507Z,0
"""696eac15c29dd0c813ccffc7""",morphine@duck.com,$2a$12$uf.1uuAsK1RVRWLwt/hrQOmvgDb0nKpLFfxXhyd90Ud8SeSnOqsYu,2026-01-19T22:11:33.926Z,0
"""696eac16c29dd0c813ccffcb""",mfgupiizrn@france.fr,$2a$12$em4Gd1/Y7tZABZDgWEqpauoUyyAPywL53WntE9Zj341gZZUtekM6S,2026-01-19T22:11:34.795Z,0
"""696eac1dc29dd0c813ccffe6""",uqudzbff@france.fr,$2a$12$Bh/ZWUpDqwR07ZfLGMdj2.B6ToCaUy4vG.JqWInYwKOl2Il5jlKuq,2026-01-19T22:11:41.524Z,0
"""696eac24c29dd0c813ccffff""",myhgaalnur@france.fr,$2a$12$66Y8qgAfc7mTUSYWcw5HZuP/zgHw7YoHBZl8XTroWLIEtoaeN6z6W,2026-01-19T22:11:48.915Z,0
"""696eac2cc29dd0c813cd002e""",jriqgpxqolu@france.fr,$2a$12$.KEiU7tnNgdBzvWQ90JFuu5CMCPChY5V4RUg.w5iEfsrvod0TRN6G,2026-01-19T22:11:56.801Z,0
"""696eac38c29dd0c813cd0051""",hyswcw@france.fr,$2a$12$y4FxYKcm9EqP8pzNg6Ist.XjTg2JhnHTFsJ1yLPomg5cpnjm1ShkO,2026-01-19T22:12:08.339Z,0
"""696eac3fc29dd0c813cd006d""",mqqvrg@france.fr,$2a$12$OY.8PLWV7o9EUZwIcK5IluUpjtX91DZe5N9Nn6hrxXwU07zFXB23u,2026-01-19T22:12:15.746Z,0
"""696eac47c29dd0c813cd00a9""",xvyxq@france.fr,$2a$12$S/6IkRt44e8uBpWIxjK.7OnXDkHcJS3vm7MqtzIkMTFjljqyPYyta,2026-01-19T22:12:23.742Z,0
"""696eac4fc29dd0c813cd00c2""",qqpxzm@france.fr,$2a$12$wrkZjOxmPWOwHSyuECgHxuGB7F74LFqDhFwmXrVAcACYcuyaNTCGu,2026-01-19T22:12:31.193Z,0
"""696eac59c29dd0c813cd00ea""",egpqdkkiep@france.fr,$2a$12$f6.qgHEa2vM7bWKNhkRkDeMtpnWWxuopCsJwURGnyVoMKIo8OkJG6,2026-01-19T22:12:41.264Z,0
"""696eac60c29dd0c813cd0106""",duewv@france.fr,$2a$12$tzo/Rg1HmoBU8YKNoVUBSOT2UaKSZzCV60960I03/mg247Wj39wtW,2026-01-19T22:12:48.782Z,0
"""696eaca0c29dd0c813cd014c""",kinwipxehd@idf.il,$2a$12$bWs4ZfNtlGmzdRcTBOlTaumWcn.uGFax27oDYjiFJ3Te6zPAs0.D6,2026-01-19T22:13:52.091Z,0
"""696eaca7c29dd0c813cd016e""",bcszavbqy@idf.il,$2a$12$l0PSC0llhazMeScG3gjfRuxJBN3go.ci.eJ1zeyf0m/gjIwqGGSmC,2026-01-19T22:13:59.608Z,0
"""696eacafc29dd0c813cd019f""",zcykxq@idf.il,$2a$12$7hEgskWwvL64DoaqTBShL.1UF4VuRj6gO1FZUcYSFvlc0yx5jQ2QC,2026-01-19T22:14:07.481Z,0
"""696eacb7c29dd0c813cd01c3""",pgseqsdosmp@idf.il,$2a$12$nsoDYqp5hXmx2bt49lP/u.ySPb4ojNb.2eNG7BeI4a0E2zop93XeW,2026-01-19T22:14:15.098Z,0
"""696eacbec29dd0c813cd01e4""",ueltps@idf.il,$2a$12$Keg10fVZRdGC0x5fUq.6Pe1U.4HU2W0gyOdMvWO324EgvZakZMGj6,2026-01-19T22:14:22.648Z,0
"""696eacc6c29dd0c813cd020e""",pefhxcxx@idf.il,$2a$12$eSnAJZHlIBdOo6M11ij4QOMJbJqTx7NOwR/SoB/yi2NyL3B5RcOUG,2026-01-19T22:14:30.375Z,0
"""696eaccec29dd0c813cd0233""",nnvaqmelh@idf.il,$2a$12$YfzghpC6qCB.CEeWBAYSWuonrl7FUj2mRs/8PU/MW8gX2lTpMwfJK,2026-01-19T22:14:38.116Z,0
"""696eacd5c29dd0c813cd025c""",ojjkspqpcxu@idf.il,$2a$12$bplkKT5oI.nq31UfKxTfqerFed.9aKlqheSBZLTOssG0DnVs0NwjO,2026-01-19T22:14:45.746Z,0
"""696ead01c29dd0c813cd026c""",hqdgkcsbpek@idf.il,$2a$12$Vr3esBs39jhAWRRk/oCqxemqSzRo0G/AYDMGG5TKPk1/kyd477i2K,2026-01-19T22:15:29.702Z,0
"""696ead09c29dd0c813cd027d""",pivtcpwqann@idf.il,$2a$12$rkmp1NJAPfp10ZtWsn6TPe/q5N7onc.KFi8Wu5z.0/TlReRn1Alla,2026-01-19T22:15:37.107Z,0
"""696ead10c29dd0c813cd0296""",eiecoyuzl@idf.il,$2a$12$OwhtApKuTVKyDGYPbCEYMOopcoOpW1o8.Bk0UJI6ossoEDaW7ShVS,2026-01-19T22:15:44.736Z,0
"""696ead18c29dd0c813cd02a7""",pidjyoknsah@idf.il,$2a$12$3uVbHRE.JtSIJ6SEpyc6muRotKGfQ1g2pdvKiNh3xAQUR2nY7sfpq,2026-01-19T22:15:52.162Z,0
"""696ead1fc29dd0c813cd02b8""",zpcsekuwah@idf.il,$2a$12$.g.uXplq5oYWtYOvrwl7k.JPHOZvfjzUy68jMxYv/eJV5mkWKp6mq,2026-01-19T22:15:59.541Z,0
"""696ead27c29dd0c813cd02d1""",rdxrt@idf.il,$2a$12$sp4goc.av.5437cZhks9FeUl2hABzWeG3aBa3PxFuN1Syfql9Zxoa,2026-01-19T22:16:07.029Z,0
"""696ead2fc29dd0c813cd032e""",wvojmnwcg@idf.il,$2a$12$fkhs2.oWfUko0KnlWPRI1esS2Vb3CDw4ew2lZhkhFh84rKUu6P1bm,2026-01-19T22:16:15.417Z,0
"""696ead36c29dd0c813cd033f""",icpbchvqixp@idf.il,$2a$12$.Nhd6fzGb1buVGH3Io/n2eiIi.6VUt.GekVNbGNlxVQlfOrg14/nC,2026-01-19T22:16:22.861Z,0
"""696ead3ec29dd0c813cd0396""",rcureomdgf@idf.il,$2a$12$rGQ9FtpYvM6v3cvsZhHAN.aYi6hbkjg2R5gNBJ83dxIaWx86JFyKq,2026-01-19T22:16:30.738Z,0
"""696ead46c29dd0c813cd03c5""",zhxgqluo@idf.il,$2a$12$8W9W6e4m20Z1Pjk11uJApOdhsKDieBhuMlhXMkTTw8NacekLoilYS,2026-01-19T22:16:38.412Z,0
"""696ead86c29dd0c813cd057b""",xztvxprjfn@idf.il,$2a$12$gsFEhvD9et9kfriVNNT3qujOLwnuCeSlcW6l18IqxtANhxKR3M4H2,2026-01-19T22:17:42.721Z,0
"""696ead8fc29dd0c813cd05bb""",kjfwwf@idf.il,$2a$12$FRVjdqTwGFWVkLMOGexq5.vP12qB0PzMkz3JnNeWQM6xT76Jix1Vy,2026-01-19T22:17:51.344Z,0
"""696ead96c29dd0c813cd05d8""",suexeieu@idf.il,$2a$12$OXVDLBJ4cHjKwHnHs/WP6OIYZSfyql6N6pDcvQkMKQ9p9.zg5Lpou,2026-01-19T22:17:58.896Z,0
"""696ead9fc29dd0c813cd05ee""",pyphfotbdn@idf.il,$2a$12$ex0o.xLkzK/gR6USkSQ2Deu.EBWZ..jDq6GDKY4WguVcpvhwbKwN.,2026-01-19T22:18:07.569Z,0
"""696eada7c29dd0c813cd0635""",iqdrkyqba@idf.il,$2a$12$DprdRwMdu8Y.6IKF49dQvukmM4pLxQ0jZW0ySjmlRvyFLilZg8fcC,2026-01-19T22:18:15.751Z,0
"""696eadafc29dd0c813cd0646""",fgbvcw@idf.il,$2a$12$ul78oGLSX.3MH6QqnsnpGu7EQ0AnMrpkuw5Ss62foV6ZnRRNyZHxO,2026-01-19T22:18:23.183Z,0
"""696eadb6c29dd0c813cd0657""",jctmn@idf.il,$2a$12$NHNZFzkIzKgCM7Q3pgfc7uSptdrfen/GywVLT4gJya3RN0R0v5MG.,2026-01-19T22:18:30.604Z,0
"""696eadbdc29dd0c813cd0668""",athjsqlok@idf.il,$2a$12$RoeDRJFQi.SFHQ2SXpnHb.B7Gnef35Z9FxRgVgILiAb7sRgHMDSge,2026-01-19T22:18:37.942Z,0
"""696eadc5c29dd0c813cd068a""",syuyisnk@idf.il,$2a$12$xiWbnbtMHoIcLZfHlYWvluho2k/dVGISN9pEMf7J/ao9XOn32ftiu,2026-01-19T22:18:45.443Z,0
"""696eadccc29dd0c813cd06af""",qgsqrwmywdm@idf.il,$2a$12$/7hN9jx8vaiEdmmy.GklOu8mgOmIzqfm3voog9u/8El.cMu1kKg8q,2026-01-19T22:18:52.841Z,0
"""696eadd4c29dd0c813cd06c2""",wwefao@idf.il,$2a$12$YyddxkJ9XMaJ3ZNaWNmrReLOy7cBugjyoftMDdNFaxWS3PZ1QDJ/q,2026-01-19T22:19:00.276Z,0
"""696eae30c29dd0c813cd0741""",ipzpo@idf.il,$2a$12$.Vmnug7n8umiwX.URrj3ku1e.AUq5Y2z6IhAvvNsYVcSUxwbrwfSu,2026-01-19T22:20:32.130Z,0
"""696eaf7ac29dd0c813cd0cbc""",teiye@idf.il,$2a$12$rkrghTyIlSjtQYjZSF8k9O8/BFXz.DuvgHDzTzCDdHlPINcPMiiZ.,2026-01-19T22:26:02.446Z,0
"""696eaf7fc29dd0c813cd0cc0""",swoth@idf.il,$2a$12$euDI49r88J/93KrXddFwPOWD68wG1bh0QAbOXizXQLvezUL3CM0Ey,2026-01-19T22:26:07.371Z,0
"""696eaf84c29dd0c813cd0cc5""",qgpdryksb@idf.il,$2a$12$HD3IqSOGkKAu9djRS0ZypeHvmuqScL87ohBkL8mLrjte20S5BviFy,2026-01-19T22:26:12.125Z,0
"""696eaf84c29dd0c813cd0cc7""",ekjtwjryhhyo@idf.il,$2a$12$n/xXGgXlDdWNqMuf9nfoHed18uFRSYeKaRf18IpdbxB4rsVa3rVAm,2026-01-19T22:26:12.134Z,0
"""696eaf88c29dd0c813cd0cce""",hcplbio@idf.il,$2a$12$C9baVfUE0zsLCQX4WU/.xuGcBxEVA7lKrZphS9YWbr90aSEze6waq,2026-01-19T22:26:16.769Z,0
"""696eaf8dc29dd0c813cd0cd3""",jeqaapxkskd@idf.il,$2a$12$7XUg8MQ4O3O8FIo9OMp9wejhRNNrB718/v3drXKl0W4H7Wm5yc4US,2026-01-19T22:26:21.305Z,0
"""696eaf91c29dd0c813cd0cd9""",jvveoam@idf.il,$2a$12$hxvg9g54iuJ3iK7zEuHCh.qqSUxQ5KnT0qYGq24ACYQUEpaew2sGG,2026-01-19T22:26:25.744Z,0
"""696eaf96c29dd0c813cd0ce0""",gttfaf@idf.il,$2a$12$jR1bFUEStYrBOeIL1IeVje2ZNTjhF4it8ja8U9HXzKHRm/ObKY29a,2026-01-19T22:26:30.101Z,0
"""696eaf9ac29dd0c813cd0ce7""",ohifmbbr@idf.il,$2a$12$HvcCt9lzPVKHXBwTwGoSI.cfWlMhWGNag9o6dHTumdtPNspu5sdeu,2026-01-19T22:26:34.333Z,0
"""696eaf9ac29dd0c813cd0ce9""",gaazk@idf.il,$2a$12$Leqki9M3SdgheGzMgR7/TORv9NZiRq0qaPhOoeDpTfDreN.TvGR8K,2026-01-19T22:26:34.342Z,0
"""696eaf9ec29dd0c813cd0cf2""",ldutxbdbqo@idf.il,$2a$12$ZSc9xw3UnWpritXvnw515u/7bbrW5/YS98SpkqPbS6f26h6hlPq.a,2026-01-19T22:26:38.439Z,0
"""696eafa2c29dd0c813cd0cf9""",oiuqwfvznil@idf.il,$2a$12$ZtYP49XTpNUTuROueCeQquCLZf44jOhGha3enOh5Y88KfZkLiwKtK,2026-01-19T22:26:42.412Z,0
"""696eafa6c29dd0c813cd0d00""",qgrujtaemejo@idf.il,$2a$12$SVWgrTWXt66L4j1moFzxGO82SxM44CTr9/8nY65rZzG8ubnA/jyPu,2026-01-19T22:26:46.252Z,0
"""696eafaac29dd0c813cd0d07""",fwjuh@idf.il,$2a$12$Mudib.KTFNKQbYi8LnfP7.82Kc.F8Fd9.p50iSCXFcPNLwcYhozHy,2026-01-19T22:26:50.000Z,0
"""696eafadc29dd0c813cd0d0e""",dnblkmhqfjm@idf.il,$2a$12$zcDZECsobkuAVvO8dlL9U.RzenEXxjc3hxfff2AL.n1f6..9xS7pC,2026-01-19T22:26:53.651Z,0
"""696eafb1c29dd0c813cd0d15""",shbsy@idf.il,$2a$12$cwFZb1DZ1XxwWkBQ8aWfYunK7xar1Efqhvw.bUdROtMlarHqv4E8.,2026-01-19T22:26:57.222Z,0
"""696eafb4c29dd0c813cd0d1c""",jjaqxxrt@idf.il,$2a$12$vXW1OMy5/A1.6Il7.tUKgOA25wIKTxpihjyw3EG2kMBqRNxP/pEEW,2026-01-19T22:27:00.748Z,0
"""696eafb4c29dd0c813cd0d1e""",gnaznxmmej@idf.il,$2a$12$W07QyEt/pNhbNbbY6gH53uwfiWCCvNb2HFPG1w4EUzhYIeCq7IUxm,2026-01-19T22:27:00.760Z,0
"""696eafbbc29dd0c813cd0d2a""",qhohivv@idf.il,$2a$12$VIbj.6l4N0OkbyLDCbQCVuJ710NK6FIv.dZg.dfP7k6xS8ET3PhyK,2026-01-19T22:27:07.468Z,0
"""696eafc1c29dd0c813cd0d34""",kbbkd@idf.il,$2a$12$y4NbBZF1R.sTC4Rqw11.juWbnuZO3ZtTbPpX5p.7NTJJo6vkAM9lC,2026-01-19T22:27:13.937Z,0
"""696eafc5c29dd0c813cd0d3b""",maifi@idf.il,$2a$12$VA3C12GaktrQiENGKVZEr./AUEXgZHP2.c112r63jdPpK2TMsh4KO,2026-01-19T22:27:17.069Z,0
"""696eafcbc29dd0c813cd0d45""",jdhswtuk@idf.il,$2a$12$V/ctIMBLfYyUPH2GCw.nbOeFPTe/I9aviyHrqlaFa/6MyEJRzvNFy,2026-01-19T22:27:23.149Z,0
"""696eb2349807a29a1a8e0b50""",realice@starlit.yousas,$2a$12$I6foU3/AIBJT68eLnz7pU.USCXlId.1iBm110rjYBvyx36akNGsHa,false,8ee306e4-0dcc-429d-b0ff-bbddc8c018f0,2026-01-20T22:37:40.963Z,2026-01-19T22:37:40.967Z,0
