__v,_id,createdAt,role,userId
"""6908cc60693037639c054daf""","""6908cc60693037639c054dad""",admin,2025-11-03T15:38:08.935Z,0
"""6908ce390e7131af35a25874""","""6908ce390e7131af35a25872""",designer,2025-11-03T15:46:01.362Z,0
"""6918dc4688db45809edd5c0d""","""6918dc4588db45809edd5c0b""",designer,2025-11-15T20:02:14.244Z,0
"""6918dc6688db45809edd5c12""","""6918dc6688db45809edd5c10""",designer,2025-11-15T20:02:46.558Z,0
"""6918ddca88db45809edd5c1d""","""6918ddca88db45809edd5c1b""",designer,2025-11-15T20:08:42.241Z,0
"""6918e08c88db45809edd5c47""","""6918e08c88db45809edd5c45""",designer,2025-11-15T20:20:28.683Z,0
"""6918e1e988db45809edd5c51""","""6918e1e988db45809edd5c4f""",designer,2025-11-15T20:26:17.634Z,0
"""6918e2ec88db45809edd5c5b""","""6918e2ec88db45809edd5c59""",designer,2025-11-15T20:30:36.743Z,0
"""6918ef4788db45809edd5c6b""","""6918ef4788db45809edd5c69""",designer,2025-11-15T21:23:19.402Z,0
"""6918f76988db45809edd5c85""","""6918f76988db45809edd5c83""",designer,2025-11-15T21:58:01.850Z,0
"""691b4d469248d67787a572ef""","""691b4d469248d67787a572ed""",designer,2025-11-17T16:28:54.304Z,0
"""691b4f5b179f661db4143967""","""691b4f5b179f661db4143965""",designer,2025-11-17T16:37:47.463Z,0
"""691b8a9d4940440b6ce594f2""","""691b8a9d4940440b6ce594f0""",designer,2025-11-17T20:50:37.995Z,0
"""691cd0d8a110fe6d1d7405c5""","""691cd0d8a110fe6d1d7405c3""",designer,2025-11-18T20:02:32.564Z,0
"""691e028e0c01f674350b3f11""","""691e028d0c01f674350b3f0f""",designer,2025-11-19T17:46:54.258Z,0
"""6920095b32bf937136850230""","""6918d11b88db45809edd5be7""",admin,2025-11-21T06:40:27.607Z,0
"""6922ee90f280a9da8de57bb8""","""691a56de4209829e3092dc4f""",admin,2025-11-23T11:22:56.626Z,0
"""6922ee99f280a9da8de57bc2""","""6918cc662e72901c68a01b7a""",admin,2025-11-23T11:23:05.598Z,0
"""6922fb22f280a9da8de57cef""","""6918de9088db45809edd5c29""",admin,2025-11-23T12:16:34.392Z,0
"""6935de561de30d1b2f6df47f""","""6918de9088db45809edd5c29""",designer,2025-12-07T20:06:46.152Z,0
"""693dbefe66a9ad03f5dde4ad""","""691a56de4209829e3092dc4f""",hirer,2025-12-13T19:31:10.202Z,0
"""693dbf0266a9ad03f5dde4b2""","""691a56de4209829e3092dc4f""",designer,2025-12-13T19:31:14.573Z,0
"""693dd7dd7e0030b3466b2b43""","""693dd7dd7e0030b3466b2b41""",designer,2025-12-13T21:17:17.400Z,0
"""6963e7c4a4759f683df85c50""","""6963e7c4a4759f683df85c4d""",designer,2026-01-11T18:11:16.141Z,0
"""6963e8eda4759f683df85cbd""","""6963e8eda4759f683df85cbb""",designer,2026-01-11T18:16:13.920Z,0
"""69650c35e1e57752226ac572""","""6963f9f4a4759f683df85dce""",admin,2026-01-12T14:59:01.799Z,0
"""696512012d08d139b44bf913""","""6963f9f4a4759f683df85dce""",hirer,2026-01-12T15:23:45.526Z,0
"""696512042d08d139b44bf91b""","""6963f9f4a4759f683df85dce""",designer,2026-01-12T15:23:48.957Z,0
"""696b512780ce7c8c9f1c8f4c""","""696b512780ce7c8c9f1c8f4a""",designer,2026-01-17T09:06:47.376Z,0
"""696c4d783a25cd77b5f96078""","""696c4d783a25cd77b5f96076""",designer,2026-01-18T03:03:20.689Z,0
"""696c4df03a25cd77b5f960e0""","""696c4df03a25cd77b5f960de""",designer,2026-01-18T03:05:20.677Z,0
"""696e340506df1d1df8fa2e1d""","""696e340506df1d1df8fa2e1b""",designer,2026-01-19T13:39:17.920Z,0
"""696e38da06df1d1df8fa2fed""","""696e38da06df1d1df8fa2feb""",designer,2026-01-19T13:59:54.506Z,0
"""696e5c6d06df1d1df8fa312e""","""696e5c6d06df1d1df8fa312c""",designer,2026-01-19T16:31:41.212Z,0
"""696ea3b0c29dd0c813ccf149""","""696ea3b0c29dd0c813ccf147""",designer,2026-01-19T21:35:44.933Z,0
"""696ea3bfc29dd0c813ccf18e""","""696ea3bfc29dd0c813ccf18c""",designer,2026-01-19T21:35:59.451Z,0
"""696ea413c29dd0c813ccf1a5""","""696ea413c29dd0c813ccf1a3""",designer,2026-01-19T21:37:23.223Z,0
"""696ea5f4c29dd0c813ccf493""","""696ea5f4c29dd0c813ccf491""",designer,2026-01-19T21:45:24.811Z,0
"""696ea687c29dd0c813ccf508""","""696ea687c29dd0c813ccf506""",designer,2026-01-19T21:47:51.650Z,0
"""696ea695c29dd0c813ccf529""","""696ea694c29dd0c813ccf527""",designer,2026-01-19T21:48:05.175Z,0
"""696ea69dc29dd0c813ccf553""","""696ea69dc29dd0c813ccf551""",designer,2026-01-19T21:48:13.855Z,0
"""696ea6a8c29dd0c813ccf581""","""696ea6a8c29dd0c813ccf57f""",designer,2026-01-19T21:48:24.272Z,0
"""696ea6b4c29dd0c813ccf5bc""","""696ea6b4c29dd0c813ccf5ba""",designer,2026-01-19T21:48:36.578Z,0
"""696ea6bdc29dd0c813ccf5c5""","""696ea6bdc29dd0c813ccf5c3""",designer,2026-01-19T21:48:45.668Z,0
"""696ea760c29dd0c813ccf695""","""696ea75fc29dd0c813ccf693""",designer,2026-01-19T21:51:28.564Z,0
"""696ea762c29dd0c813ccf69d""","""696ea761c29dd0c813ccf69a""",designer,2026-01-19T21:51:30.211Z,0
"""696ea762c29dd0c813ccf6a5""","""696ea762c29dd0c813ccf6a1""",designer,2026-01-19T21:51:30.823Z,0
"""696ea762c29dd0c813ccf6a3""","""696ea762c29dd0c813ccf69f""",designer,2026-01-19T21:51:30.786Z,0
"""696ea763c29dd0c813ccf6a9""","""696ea762c29dd0c813ccf6a7""",designer,2026-01-19T21:51:31.310Z,0
"""696ea763c29dd0c813ccf6ad""","""696ea763c29dd0c813ccf6ab""",designer,2026-01-19T21:51:31.712Z,0
"""696ea764c29dd0c813ccf6b3""","""696ea763c29dd0c813ccf6b1""",designer,2026-01-19T21:51:32.005Z,0
"""696ea764c29dd0c813ccf6b9""","""696ea764c29dd0c813ccf6b5""",designer,2026-01-19T21:51:32.216Z,0
"""696ea764c29dd0c813ccf6bd""","""696ea764c29dd0c813ccf6b7""",designer,2026-01-19T21:51:32.333Z,0
"""696ea764c29dd0c813ccf6bf""","""696ea764c29dd0c813ccf6bb""",designer,2026-01-19T21:51:32.410Z,0
"""696ea7a0c29dd0c813ccf72f""","""696ea7a0c29dd0c813ccf72d""",designer,2026-01-19T21:52:32.283Z,0
"""696ea7dbc29dd0c813ccf742""","""696ea7dac29dd0c813ccf740""",designer,2026-01-19T21:53:31.084Z,0
"""696ea7e3c29dd0c813ccf76b""","""696ea7e3c29dd0c813ccf766""",designer,2026-01-19T21:53:39.636Z,0
"""696ea7ecc29dd0c813ccf7a6""","""696ea7ecc29dd0c813ccf7a4""",designer,2026-01-19T21:53:48.245Z,0
"""696ea7f4c29dd0c813ccf7ce""","""696ea7f4c29dd0c813ccf7cc""",designer,2026-01-19T21:53:56.778Z,0
"""696ea7fdc29dd0c813ccf7eb""","""696ea7fdc29dd0c813ccf7e9""",designer,2026-01-19T21:54:05.243Z,0
"""696ea803c29dd0c813ccf7f9""","""696ea803c29dd0c813ccf7f7""",designer,2026-01-19T21:54:11.990Z,0
"""696ea8bec29dd0c813ccf8f7""","""696ea8bdc29dd0c813ccf8f1""",designer,2026-01-19T21:57:18.270Z,0
"""696ea8bec29dd0c813ccf8f5""","""696ea8bdc29dd0c813ccf8ef""",designer,2026-01-19T21:57:18.255Z,0
"""696ea8bec29dd0c813ccf8f9""","""696ea8bdc29dd0c813ccf8f3""",designer,2026-01-19T21:57:18.281Z,0
"""696ea8bec29dd0c813ccf90b""","""696ea8bec29dd0c813ccf8ff""",designer,2026-01-19T21:57:18.663Z,0
"""696ea8bec29dd0c813ccf909""","""696ea8bec29dd0c813ccf8fd""",designer,2026-01-19T21:57:18.652Z,0
"""696ea8bec29dd0c813ccf90d""","""696ea8bec29dd0c813ccf901""",designer,2026-01-19T21:57:18.674Z,0
"""696ea8bec29dd0c813ccf907""","""696ea8bec29dd0c813ccf8fb""",designer,2026-01-19T21:57:18.641Z,0
"""696ea8bec29dd0c813ccf90f""","""696ea8bec29dd0c813ccf903""",designer,2026-01-19T21:57:18.689Z,0
"""696ea8bec29dd0c813ccf913""","""696ea8bec29dd0c813ccf911""",designer,2026-01-19T21:57:18.914Z,0
"""696ea8c2c29dd0c813ccf918""","""696ea8bec29dd0c813ccf905""",designer,2026-01-19T21:57:22.432Z,0
"""696ea903c29dd0c813ccf9bc""","""696ea902c29dd0c813ccf9b9""",designer,2026-01-19T21:58:27.524Z,0
"""696ea903c29dd0c813ccf9c9""","""696ea903c29dd0c813ccf9be""",designer,2026-01-19T21:58:27.800Z,0
"""696ea903c29dd0c813ccf9cd""","""696ea903c29dd0c813ccf9c2""",designer,2026-01-19T21:58:27.823Z,0
"""696ea903c29dd0c813ccf9d1""","""696ea903c29dd0c813ccf9c6""",designer,2026-01-19T21:58:27.850Z,0
"""696ea903c29dd0c813ccf9cb""","""696ea903c29dd0c813ccf9c0""",designer,2026-01-19T21:58:27.812Z,0
"""696ea903c29dd0c813ccf9cf""","""696ea903c29dd0c813ccf9c4""",designer,2026-01-19T21:58:27.834Z,0
"""696ea904c29dd0c813ccf9da""","""696ea903c29dd0c813ccf9d3""",designer,2026-01-19T21:58:28.187Z,0
"""696ea904c29dd0c813ccf9dc""","""696ea903c29dd0c813ccf9d5""",designer,2026-01-19T21:58:28.198Z,0
"""696ea904c29dd0c813ccf9df""","""696ea903c29dd0c813ccf9d7""",designer,2026-01-19T21:58:28.228Z,0
"""696ea904c29dd0c813ccf9ee""","""696ea904c29dd0c813ccf9ec""",designer,2026-01-19T21:58:28.917Z,0
"""696ea91cc29dd0c813ccfa25""","""696ea91cc29dd0c813ccfa23""",designer,2026-01-19T21:58:52.621Z,0
"""696ea941c29dd0c813ccfa3f""","""696ea941c29dd0c813ccfa3d""",designer,2026-01-19T21:59:29.215Z,0
"""696ea972c29dd0c813ccfaab""","""696ea972c29dd0c813ccfaa9""",designer,2026-01-19T22:00:18.946Z,0
"""696ea97ac29dd0c813ccfac3""","""696ea979c29dd0c813ccfac1""",designer,2026-01-19T22:00:26.056Z,0
"""696ea981c29dd0c813ccfaf6""","""696ea981c29dd0c813ccfaf4""",designer,2026-01-19T22:00:33.427Z,0
"""696ea989c29dd0c813ccfb2d""","""696ea988c29dd0c813ccfb2b""",designer,2026-01-19T22:00:41.066Z,0
"""696ea9f1c29dd0c813ccfb8c""","""696ea9efc29dd0c813ccfb8a""",designer,2026-01-19T22:02:25.904Z,0
"""696ea9f5c29dd0c813ccfb98""","""696ea9f3c29dd0c813ccfb91""",designer,2026-01-19T22:02:29.288Z,0
"""696ea9f5c29dd0c813ccfb9a""","""696ea9f3c29dd0c813ccfb93""",designer,2026-01-19T22:02:29.304Z,0
"""696ea9f5c29dd0c813ccfb9c""","""696ea9f3c29dd0c813ccfb95""",designer,2026-01-19T22:02:29.315Z,0
"""696ea9f6c29dd0c813ccfba4""","""696ea9f5c29dd0c813ccfba0""",designer,2026-01-19T22:02:30.737Z,0
"""696ea9f6c29dd0c813ccfba2""","""696ea9f5c29dd0c813ccfb9e""",designer,2026-01-19T22:02:30.726Z,0
"""696ea9f8c29dd0c813ccfbad""","""696ea9f6c29dd0c813ccfba7""",designer,2026-01-19T22:02:32.003Z,0
"""696ea9f7c29dd0c813ccfbab""","""696ea9f6c29dd0c813ccfba9""",designer,2026-01-19T22:02:31.992Z,0
"""696ea9f9c29dd0c813ccfbbc""","""696ea9f8c29dd0c813ccfbba""",designer,2026-01-19T22:02:33.382Z,0
"""696ea9fac29dd0c813ccfbc2""","""696ea9f9c29dd0c813ccfbc0""",designer,2026-01-19T22:02:34.453Z,0
"""696ea9fcc29dd0c813ccfbdb""","""696ea9fbc29dd0c813ccfbcc""",designer,2026-01-19T22:02:36.460Z,0
"""696ea9fcc29dd0c813ccfbd9""","""696ea9fbc29dd0c813ccfbca""",designer,2026-01-19T22:02:36.448Z,0
"""696ea9fdc29dd0c813ccfbdf""","""696ea9fcc29dd0c813ccfbdd""",designer,2026-01-19T22:02:37.217Z,0
"""696ea9fdc29dd0c813ccfbe3""","""696ea9fdc29dd0c813ccfbe1""",designer,2026-01-19T22:02:37.863Z,0
"""696ea9fec29dd0c813ccfbe7""","""696ea9fdc29dd0c813ccfbe5""",designer,2026-01-19T22:02:38.393Z,0
"""696eaa08c29dd0c813ccfbec""","""696eaa07c29dd0c813ccfbea""",designer,2026-01-19T22:02:48.469Z,0
"""696eaa08c29dd0c813ccfbf0""","""696eaa08c29dd0c813ccfbee""",designer,2026-01-19T22:02:48.874Z,0
"""696eaa09c29dd0c813ccfbf4""","""696eaa08c29dd0c813ccfbf2""",designer,2026-01-19T22:02:49.145Z,0
"""696eaa09c29dd0c813ccfbfa""","""696eaa09c29dd0c813ccfbf6""",designer,2026-01-19T22:02:49.452Z,0
"""696eaa09c29dd0c813ccfbfc""","""696eaa09c29dd0c813ccfbf8""",designer,2026-01-19T22:02:49.565Z,0
"""696eaa0dc29dd0c813ccfc06""","""696eaa0dc29dd0c813ccfc02""",designer,2026-01-19T22:02:53.567Z,0
"""696eaa14c29dd0c813ccfc20""","""696eaa13c29dd0c813ccfc1e""",designer,2026-01-19T22:03:00.166Z,0
"""696eaa1ac29dd0c813ccfc2f""","""696eaa1ac29dd0c813ccfc2c""",designer,2026-01-19T22:03:06.538Z,0
"""696eaa21c29dd0c813ccfc45""","""696eaa21c29dd0c813ccfc43""",designer,2026-01-19T22:03:13.230Z,0
"""696eaa27c29dd0c813ccfc50""","""696eaa27c29dd0c813ccfc4e""",designer,2026-01-19T22:03:19.526Z,0
"""696eaa2ec29dd0c813ccfc76""","""696eaa2ec29dd0c813ccfc74""",designer,2026-01-19T22:03:26.348Z,0
"""696eaa34c29dd0c813ccfc97""","""696eaa34c29dd0c813ccfc95""",designer,2026-01-19T22:03:32.787Z,0
"""696eaa3bc29dd0c813ccfca2""","""696eaa3ac29dd0c813ccfca0""",designer,2026-01-19T22:03:39.077Z,0
"""696eaa41c29dd0c813ccfcad""","""696eaa41c29dd0c813ccfcab""",designer,2026-01-19T22:03:45.361Z,0
"""696eaa48c29dd0c813ccfcd0""","""696eaa48c29dd0c813ccfcce""",designer,2026-01-19T22:03:52.203Z,0
"""696eaaacc29dd0c813ccfd08""","""696eaaacc29dd0c813ccfd06""",designer,2026-01-19T22:05:32.229Z,0
"""696eaab3c29dd0c813ccfd21""","""696eaab3c29dd0c813ccfd1f""",designer,2026-01-19T22:05:39.735Z,0
"""696eaabbc29dd0c813ccfd3a""","""696eaabac29dd0c813ccfd38""",designer,2026-01-19T22:05:47.119Z,0
"""696eaac1c29dd0c813ccfd4d""","""696eaac0c29dd0c813ccfd49""",designer,2026-01-19T22:05:53.149Z,0
"""696eaac9c29dd0c813ccfd84""","""696eaac8c29dd0c813ccfd79""",designer,2026-01-19T22:06:01.148Z,0
"""696eaad0c29dd0c813ccfda6""","""696eaad0c29dd0c813ccfda4""",designer,2026-01-19T22:06:09.000Z,0
"""696eaad9c29dd0c813ccfde5""","""696eaad9c29dd0c813ccfde3""",designer,2026-01-19T22:06:17.509Z,0
"""696eaae1c29dd0c813ccfe0a""","""696eaae0c29dd0c813ccfe08""",designer,2026-01-19T22:06:25.065Z,0
"""696eaae8c29dd0c813ccfe23""","""696eaae8c29dd0c813ccfe21""",designer,2026-01-19T22:06:32.474Z,0
"""696eaaeec29dd0c813ccfe29""","""696eaaeec29dd0c813ccfe27""",designer,2026-01-19T22:06:38.311Z,0
"""696eab35c29dd0c813ccfe2e""","""696eab35c29dd0c813ccfe2c""",designer,2026-01-19T22:07:49.439Z,0
"""696eab3dc29dd0c813ccfe5c""","""696eab3dc29dd0c813ccfe5a""",designer,2026-01-19T22:07:57.593Z,0
"""696eab43c29dd0c813ccfe6b""","""696eab43c29dd0c813ccfe69""",designer,2026-01-19T22:08:03.617Z,0
"""696eab49c29dd0c813ccfe87""","""696eab49c29dd0c813ccfe85""",designer,2026-01-19T22:08:09.798Z,0
"""696eab51c29dd0c813ccfea0""","""696eab51c29dd0c813ccfe9e""",designer,2026-01-19T22:08:17.208Z,0
"""696eab58c29dd0c813ccfebc""","""696eab58c29dd0c813ccfeb8""",designer,2026-01-19T22:08:24.693Z,0
"""696eab5ec29dd0c813ccfed4""","""696eab5ec29dd0c813ccfed2""",designer,2026-01-19T22:08:30.933Z,0
"""696eab66c29dd0c813ccfeed""","""696eab66c29dd0c813ccfeeb""",designer,2026-01-19T22:08:38.360Z,0
"""696eab6dc29dd0c813ccff06""","""696eab6dc29dd0c813ccff04""",designer,2026-01-19T22:08:45.766Z,0
"""696eab75c29dd0c813ccff1f""","""696eab74c29dd0c813ccff1d""",designer,2026-01-19T22:08:53.143Z,0
"""696eac09c29dd0c813ccffb3""","""696eac09c29dd0c813ccff9f""",designer,2026-01-19T22:11:21.734Z,0
"""696eac09c29dd0c813ccffb5""","""696eac09c29dd0c813ccffa1""",designer,2026-01-19T22:11:21.744Z,0
"""696eac09c29dd0c813ccffb1""","""696eac09c29dd0c813ccff9d""",designer,2026-01-19T22:11:21.722Z,0
"""696eac09c29dd0c813ccffb9""","""696eac09c29dd0c813ccffa5""",designer,2026-01-19T22:11:21.767Z,0
"""696eac09c29dd0c813ccffb7""","""696eac09c29dd0c813ccffa3""",designer,2026-01-19T22:11:21.755Z,0
"""696eac09c29dd0c813ccffbd""","""696eac09c29dd0c813ccffa9""",designer,2026-01-19T22:11:21.797Z,0
"""696eac09c29dd0c813ccffbb""","""696eac09c29dd0c813ccffa7""",designer,2026-01-19T22:11:21.779Z,0
"""696eac09c29dd0c813ccffbf""","""696eac09c29dd0c813ccffab""",designer,2026-01-19T22:11:21.811Z,0
"""696eac09c29dd0c813ccffc3""","""696eac09c29dd0c813ccffaf""",designer,2026-01-19T22:11:21.839Z,0
"""696eac09c29dd0c813ccffc1""","""696eac09c29dd0c813ccffad""",designer,2026-01-19T22:11:21.824Z,0
"""696eac16c29dd0c813ccffc9""","""696eac15c29dd0c813ccffc7""",designer,2026-01-19T22:11:34.242Z,0
"""696eac17c29dd0c813ccffcd""","""696eac16c29dd0c813ccffcb""",designer,2026-01-19T22:11:35.008Z,0
"""696eac1dc29dd0c813ccffe8""","""696eac1dc29dd0c813ccffe6""",designer,2026-01-19T22:11:41.704Z,0
"""696eac25c29dd0c813cd0001""","""696eac24c29dd0c813ccffff""",designer,2026-01-19T22:11:49.093Z,0
"""696eac2cc29dd0c813cd0030""","""696eac2cc29dd0c813cd002e""",designer,2026-01-19T22:11:56.979Z,0
"""696eac38c29dd0c813cd0055""","""696eac38c29dd0c813cd0051""",designer,2026-01-19T22:12:08.518Z,0
"""696eac3fc29dd0c813cd006f""","""696eac3fc29dd0c813cd006d""",designer,2026-01-19T22:12:15.925Z,0
"""696eac47c29dd0c813cd00ab""","""696eac47c29dd0c813cd00a9""",designer,2026-01-19T22:12:23.919Z,0
"""696eac4fc29dd0c813cd00c5""","""696eac4fc29dd0c813cd00c2""",designer,2026-01-19T22:12:31.372Z,0
"""696eac59c29dd0c813cd00ec""","""696eac59c29dd0c813cd00ea""",designer,2026-01-19T22:12:41.441Z,0
"""696eac60c29dd0c813cd0109""","""696eac60c29dd0c813cd0106""",designer,2026-01-19T22:12:48.961Z,0
"""696eaca0c29dd0c813cd014e""","""696eaca0c29dd0c813cd014c""",designer,2026-01-19T22:13:52.271Z,0
"""696eaca7c29dd0c813cd0170""","""696eaca7c29dd0c813cd016e""",designer,2026-01-19T22:13:59.787Z,0
"""696eacafc29dd0c813cd01a3""","""696eacafc29dd0c813cd019f""",designer,2026-01-19T22:14:07.660Z,0
"""696eacb7c29dd0c813cd01c8""","""696eacb7c29dd0c813cd01c3""",designer,2026-01-19T22:14:15.277Z,0
"""696eacbec29dd0c813cd01e6""","""696eacbec29dd0c813cd01e4""",designer,2026-01-19T22:14:22.828Z,0
"""696eacc6c29dd0c813cd0210""","""696eacc6c29dd0c813cd020e""",designer,2026-01-19T22:14:30.552Z,0
"""696eaccec29dd0c813cd0237""","""696eaccec29dd0c813cd0233""",designer,2026-01-19T22:14:38.294Z,0
"""696eacd5c29dd0c813cd025e""","""696eacd5c29dd0c813cd025c""",designer,2026-01-19T22:14:45.924Z,0
"""696ead01c29dd0c813cd026e""","""696ead01c29dd0c813cd026c""",designer,2026-01-19T22:15:29.880Z,0
"""696ead09c29dd0c813cd027f""","""696ead09c29dd0c813cd027d""",designer,2026-01-19T22:15:37.286Z,0
"""696ead10c29dd0c813cd0298""","""696ead10c29dd0c813cd0296""",designer,2026-01-19T22:15:44.911Z,0
"""696ead18c29dd0c813cd02a9""","""696ead18c29dd0c813cd02a7""",designer,2026-01-19T22:15:52.345Z,0
"""696ead1fc29dd0c813cd02ba""","""696ead1fc29dd0c813cd02b8""",designer,2026-01-19T22:15:59.720Z,0
"""696ead27c29dd0c813cd02d6""","""696ead27c29dd0c813cd02d1""",designer,2026-01-19T22:16:07.207Z,0
"""696ead2fc29dd0c813cd0330""","""696ead2fc29dd0c813cd032e""",designer,2026-01-19T22:16:15.600Z,0
"""696ead37c29dd0c813cd0341""","""696ead36c29dd0c813cd033f""",designer,2026-01-19T22:16:23.042Z,0
"""696ead3ec29dd0c813cd039a""","""696ead3ec29dd0c813cd0396""",designer,2026-01-19T22:16:30.917Z,0
"""696ead46c29dd0c813cd03c7""","""696ead46c29dd0c813cd03c5""",designer,2026-01-19T22:16:38.593Z,0
"""696ead86c29dd0c813cd057d""","""696ead86c29dd0c813cd057b""",designer,2026-01-19T22:17:42.902Z,0
"""696ead8fc29dd0c813cd05bd""","""696ead8fc29dd0c813cd05bb""",designer,2026-01-19T22:17:51.520Z,0
"""696ead97c29dd0c813cd05da""","""696ead96c29dd0c813cd05d8""",designer,2026-01-19T22:17:59.075Z,0
"""696ead9fc29dd0c813cd05f0""","""696ead9fc29dd0c813cd05ee""",designer,2026-01-19T22:18:07.748Z,0
"""696eada7c29dd0c813cd0637""","""696eada7c29dd0c813cd0635""",designer,2026-01-19T22:18:15.930Z,0
"""696eadafc29dd0c813cd0648""","""696eadafc29dd0c813cd0646""",designer,2026-01-19T22:18:23.360Z,0
"""696eadb6c29dd0c813cd0659""","""696eadb6c29dd0c813cd0657""",designer,2026-01-19T22:18:30.782Z,0
"""696eadbec29dd0c813cd066a""","""696eadbdc29dd0c813cd0668""",designer,2026-01-19T22:18:38.121Z,0
"""696eadc5c29dd0c813cd068d""","""696eadc5c29dd0c813cd068a""",designer,2026-01-19T22:18:45.620Z,0
"""696eadcdc29dd0c813cd06b1""","""696eadccc29dd0c813cd06af""",designer,2026-01-19T22:18:53.016Z,0
"""696eadd4c29dd0c813cd06c4""","""696eadd4c29dd0c813cd06c2""",designer,2026-01-19T22:19:00.453Z,0
"""696eae30c29dd0c813cd0743""","""696eae30c29dd0c813cd0741""",designer,2026-01-19T22:20:32.309Z,0
"""696eaf7fc29dd0c813cd0cbe""","""696eaf7ac29dd0c813cd0cbc""",designer,2026-01-19T22:26:07.351Z,0
"""696eaf84c29dd0c813cd0cc3""","""696eaf7fc29dd0c813cd0cc0""",designer,2026-01-19T22:26:12.105Z,0
"""696eaf88c29dd0c813cd0ccc""","""696eaf84c29dd0c813cd0cc7""",designer,2026-01-19T22:26:16.755Z,0
"""696eaf88c29dd0c813cd0cca""","""696eaf84c29dd0c813cd0cc5""",designer,2026-01-19T22:26:16.745Z,0
"""696eaf8dc29dd0c813cd0cd0""","""696eaf88c29dd0c813cd0cce""",designer,2026-01-19T22:26:21.255Z,0
"""696eaf91c29dd0c813cd0cd5""","""696eaf8dc29dd0c813cd0cd3""",designer,2026-01-19T22:26:25.693Z,0
"""696eaf96c29dd0c813cd0cdd""","""696eaf91c29dd0c813cd0cd9""",designer,2026-01-19T22:26:30.079Z,0
"""696eaf9ac29dd0c813cd0ce4""","""696eaf96c29dd0c813cd0ce0""",designer,2026-01-19T22:26:34.309Z,0
"""696eaf9ec29dd0c813cd0cec""","""696eaf9ac29dd0c813cd0ce7""",designer,2026-01-19T22:26:38.368Z,0
"""696eaf9ec29dd0c813cd0cef""","""696eaf9ac29dd0c813cd0ce9""",designer,2026-01-19T22:26:38.418Z,0
"""696eafa2c29dd0c813cd0cf4""","""696eaf9ec29dd0c813cd0cf2""",designer,2026-01-19T22:26:42.314Z,0
"""696eafa6c29dd0c813cd0cfb""","""696eafa2c29dd0c813cd0cf9""",designer,2026-01-19T22:26:46.192Z,0
"""696eafa9c29dd0c813cd0d02""","""696eafa6c29dd0c813cd0d00""",designer,2026-01-19T22:26:49.925Z,0
"""696eafadc29dd0c813cd0d09""","""696eafaac29dd0c813cd0d07""",designer,2026-01-19T22:26:53.585Z,0
"""696eafb1c29dd0c813cd0d10""","""696eafadc29dd0c813cd0d0e""",designer,2026-01-19T22:26:57.150Z,0
"""696eafb4c29dd0c813cd0d17""","""696eafb1c29dd0c813cd0d15""",designer,2026-01-19T22:27:00.646Z,0
"""696eafb8c29dd0c813cd0d20""","""696eafb4c29dd0c813cd0d1c""",designer,2026-01-19T22:27:04.031Z,0
"""696eafb8c29dd0c813cd0d24""","""696eafb4c29dd0c813cd0d1e""",designer,2026-01-19T22:27:04.101Z,0
"""696eafbec29dd0c813cd0d2c""","""696eafbbc29dd0c813cd0d2a""",designer,2026-01-19T22:27:10.641Z,0
"""696eafc4c29dd0c813cd0d36""","""696eafc1c29dd0c813cd0d34""",designer,2026-01-19T22:27:16.963Z,0
"""696eafc8c29dd0c813cd0d3f""","""696eafc5c29dd0c813cd0d3b""",designer,2026-01-19T22:27:20.133Z,0
"""696eb2359807a29a1a8e0b52""","""696eb2349807a29a1a8e0b50""",designer,2026-01-19T22:37:41.148Z,0
